品番,本社,,
S7-STM40T2-M,見込み製品,,
S9-UR800-TH,見込み製品,,
S9-UL110-L,見込み製品,,
S9-UL100-L,見込み製品,,
S9-U342-TH,見込み製品,,
S9-U330-TH,見込み製品,,
S9-U320-TH,見込み製品,,
S9-U200-TH,見込み製品,,
S9-U100-TH,見込み製品,,
S9-TL410-L,見込み製品,,
S9-TL400-L,見込み製品,,
S9-A820-TH,見込み製品,,
S8-5100M-CL,見込み製品,,
S8-5100-CL,見込み製品,,
S7-STM3-M,見込み製品,,
S7-STM30T2L-M,見込み製品,,
S7-STM2-M,見込み製品,,
S7-STM1-M,見込み製品,,
S7-STM10-M,見込み製品,,
S7-C-M,受注製品,,
S7-B-M,受注製品,,
S7-A-M,受注製品,,
S6-UVXK02-U,受注製品,,
S6-UVT06-T,見込み製品,,
S6-UVT05-T,見込み製品,,
S6-UVPP3B-U,見込み製品,,
S6-UVPP3A-U,見込み製品,,
S6-UV542-U,見込み製品,,
S6-UV382-T,見込み製品,,
S6-UV382K-T,見込み製品,,
S6-UV361-U,見込み製品,,
S6-UV35K3-U,見込み製品,,
S6-UV355-U,見込み製品,,
S6-UV270-U,見込み製品,,
S6-UV270M-U,見込み製品,,
S6-UV253-U,見込み製品,,
S6-UV23TNK-240,見込み製品,,
S6-UV23TNK,見込み製品,,
S6-UV23R-U,見込み製品,,
S6-UV23R-4-U,見込み製品,,
S6-SVPETR-U,受注製品,,
S6-SV6000-U,見込み製品,,
S6-SV450036-U,見込み製品,,
S6-SV3800-U,見込み製品,,
S6-SV3800L-U,見込み製品,,
S6-SV3800LHR-U,見込み製品,,
S6-KV38-U,見込み製品,,
S6-KNB01-U,見込み製品,,
S5-RT48-T,見込み製品,,
S5-RT45-T,見込み製品,,
S5-RT35M-T,見込み製品,,
S5-RT240R-T,見込み製品,,
S5-RT160-T,見込み製品,,
S5-RT160HNV-T,見込み製品,,
S5-RT140-T,見込み製品,,
S5-RT130-T,見込み製品,,
S5-FK2K1-T,見込み製品,,
S4-URPB-U,見込み製品,,
S4-URPA-U,見込み製品,,
S4-UR800B-U,見込み製品,,
S4-UR800A-U,見込み製品,,
S4-STR80B-U,見込み製品,,
S4-STR80A-U,見込み製品,,
S4-PP553-3C-U,見込み製品,,
S4-PP553-3B-U,見込み製品,,
S4-PP553-3A-U,見込み製品,,
S4-K560B-U,見込み製品,,
S4-K560A-U,見込み製品,,
S4-BS421B-U,見込み製品,,
S4-BS421A-U,見込み製品,,
S4-AASB-U,見込み製品,,
S4-AASA-U,見込み製品,,
S3-STR120-U,見込み製品,,
S3-STH350M-U,見込み製品,,
S3-FK13SKA-U,受注製品,,
S3-FK13S1-U,受注製品,,
S3-FG3000-U,見込み製品,,
S3-BP50-U,見込み製品,,
S1-X80N-U,見込み製品,,
S1-X79N-U,見込み製品,,
S1-PP44-U,見込み製品,,
S1-PP33-U,見込み製品,,
S1-PC2000-U,見込み製品,,
S1-PC2000N30-U,見込み製品,,
S1-K164N-U,見込み製品,,
S1-K150N-U,見込み製品,,
S1-FPA3-U,見込み製品,,
S1-AS-CL,見込み製品,,
S1-AS87N-U,見込み製品,,
S1-AS87N-4-U,見込み製品,,
S1-AS7TK-U,見込み製品,,
S1-AS5TK-U,見込み製品,,
S1-AS5-CL,見込み製品,,
S11-KHU3K3B-U,受注製品,,
S11-KHU3K3A-U,受注製品,,
S10-P2Y,見込み製品,,
S10-E-C,見込み製品,,
S15,見込み製品,,
S15,見込み製品,,
S15,見込み製品,,
S15,見込み製品,,
S15,見込み製品,,
S15,見込み製品,,
S15,見込み製品,,
S15,見込み製品,,
S15,見込み製品,,
S15,見込み製品,,
S15,見込み製品,,
S15,見込み製品,,
S2-UT210N-T,見込み製品,,
S2-ST32-T,見込み製品,,
S2-ST18-T,見込み製品,,
S2-ST18L-4-T,見込み製品,,
S2-ST10-T,見込み製品,,
S9-URP-TH-EX,受注製品,,
S9-UL200-L-EX,受注製品,,
S9-UL200-L,受注製品,,
S9-UL100-L-EX,受注製品,,
S9-U390-TH,見込み製品,,
S9-U360-TH,受注製品,,
S9-U345-TH-EX,受注製品,,
S9-U345-TH,見込み製品,,
S9-U342-TH-EX,受注製品,,
S9-U341-TH,受注製品,,
S9-U340-TH,受注製品,,
S9-U340-4-TH,受注製品,,
S9-U330-TH-R-EX,受注製品,,
S9-U330-TH-EX,受注製品,,
S9-U330-TH-4-EX,受注製品,,
S9-U330-TH-4-EX,受注製品,,
S9-U320-TH-EX,受注製品,,
S9-U320-4-TH,受注製品,,
S9-U200-TH-EX,受注製品,,
S9-TL400-L-EX,受注製品,,
S9-T440-TH,受注製品,,
S9-T440-TH,受注製品,,
S9-SV3800TH-EX,受注製品,,
S9-SU930-TH-EX,受注製品,,
S9-SU930-TH,受注製品,,
S9-SU930-3-TH-EX,受注製品,,
S9-STUPH-TH-EX,受注製品,,
S9-STH350-TH-EX,受注製品,,
S9-STH350-TH,名称変更,,
S9-PR-A-S-TH,受注製品,,
S9-PR-A-S-4-TH,受注製品,,
S9-K560-TH-EX,受注製品,,
S9-K560TH-4-EX,受注製品,,
S9-GH200-TH,名称変更,,
S9-C710-TH,受注製品,,
S9-C700-TH,受注製品,,
S9-3600S-TH,受注製品,,
S9-3300-TH,受注製品,,
S8-KU5-U,受注製品,,
S8-KD-BRW,受注製品,,
S8-EE1S-CL,廃番,,
S8-EE1S73-CL,受注製品,,
S8-3300M-CL,受注製品,,
S8-3300M-CL,受注製品,,
S8-3300-CL,受注製品,,
S7-X-M,受注製品,,
S7-TM50-4-M,受注製品,,
S7-TM400-M-EX,受注製品,,
S7-TM400-M,受注製品,,
S7-TM300-M,受注製品,,
S7-TDM1-M,見込み製品,,
S7-TDM10-M,見込み製品,,
S7-STM40T4-M,受注製品,,
S7-STM40T1-TH-R-EX,受注製品,,
S7-STM40T1-TH-EX,受注製品,,
S7-STM40T1-MT-EX,受注製品,,
S7-STM40T1-M,受注製品,,
S7-STM40T1-CL-R-EX,受注製品,,
S7-STM40T1-CL-EX,受注製品,,
S7-STM3-TH-EX,受注製品,,
S7-STM3-MT-EX,受注製品,,
S7-STM3-CL-EX,受注製品,,
S7-STM3-4-MT-EX,受注製品,,
S7-STM3-3-CL-EX,受注製品,,
S7-STM30T2-CL-EX,受注製品,,
S7-STM30T2CH-CL-EX,受注製品,,
S7-STM30T1-TH-R-EX,受注製品,,
S7-STM30T1-TH-EX,受注製品,,
S7-STM30T1-MT-EX,受注製品,,
S7-STM30T1-M-EX,受注製品,,
S7-STM30T1-M,受注製品,,
S7-STM30T1-CL-R-EX,受注製品,,
S7-STM30T1-CL-EX,受注製品,,
S7-STM30T1CH-TH-EX,受注製品,,
S7-STM2-CL-EX,受注製品,,
S7-STM2-3-CL-EX,受注製品,,
S7-STM1-TH-EX,受注製品,,
S7-STM1N-CL-EX,受注製品,,
S7-STM1N-3-CL-EX,受注製品,,
S7-STM1-MT-EX,受注製品,,
S7-STM1-MT-4,受注製品,,
S7-STM1-M-EX,受注製品,,
S7-STM1-4-MT-EX,受注製品,,
S7-STM10-TH-EX,受注製品,,
S7-STM10T2-M,受注製品,,
S7-STM10-MT-EX,受注製品,,
S7-STM10-CL-EX,受注製品,,
S7-STM10CH-TH-EX,受注製品,,
S7-STM10CH-CL-EX,受注製品,,
S7-PRSKB-M-EX,受注製品,,
S7-PRSKB-M,受注製品,,
S7-PRSKB-1-M,受注製品,,
S7-PRSKA-CL-EX,受注製品,,
S7-PRSKA-CL,受注製品,,
S7-PRSKA-4-CL,受注製品,,
S7-PRAK-M-EX,受注製品,,
S7-PRAK-M,受注製品,,
S7-PRAKB-M-EX,受注製品,,
S7-PRAKA-CL-EX,受注製品,,
S7-IK5510-M-EX,受注製品,,
S7-IK50-M,見込み製品,,
S7-IK50-4-M,受注製品,,
S7-E-M,受注製品,,
S7-E-4-M,受注製品,,
S7-C-M-EX,受注製品,,
S7-B-M-EX,受注製品,,
S7-B-4-M,受注製品,,
S7-A-M18-EX,受注製品,,
S7-A-M17-EX,受注製品,,
S7-A-4-M,受注製品,,
S6-UVZ01-U,受注製品,,
S6-UVXK08-U,受注製品,,
S6-UVT15-T,受注製品,,
S6-UVPP70-U,受注製品,,
S6-UVFJ8-U,受注製品,,
S6-UV906-U,受注製品,,
S6-UV906B-U-EX,受注製品,,
S6-UV906A-U-EX,受注製品,,
S6-UV901-U,受注製品,,
S6-UV87-U,受注製品,,
S6-UV87TNK,受注製品,,
S6-UV700-U,受注製品,,
S6-UV682-T,受注製品,,
S6-UV600-U,受注製品,,
S6-UV582-T,受注製品,,
S6-UV542VP-U-R-EX,受注製品,,
S6-UV542TU-U,受注製品,,
S6-UV542S-U,受注製品,,
S6-UV542BB-U,受注製品,,
S6-UV542BBB-U-EX,受注製品,,
S6-UV542BBA-U-EX,受注製品,,
S6-UV505K2B-U-EX,受注製品,,
S6-UV505K2A-U-EX,受注製品,,
S6-UV505B-U-EX,受注製品,,
S6-UV505A-U-EX,受注製品,,
S6-UV482-T,受注製品,,
S6-UV471-U,受注製品,,
S6-UV455-U,受注製品,,
S6-UV422-U,受注製品,,
S6-UV405B-U-EX,受注製品,,
S6-UV405A-U-EX,受注製品,,
S6-UV382V-T,見込み製品,,
S6-UV382-T,見込み製品,,
S6-UV382FF-T,受注製品,,
S6-UV382-4-T,受注製品,,
S6-UV361-U-EX,受注製品,,
S6-UV361T5-U,受注製品,,
S6-UV361CJ-U,受注製品,,
S6-UV35-U,受注製品,,
S6-UV305-U,受注製品,,
S6-UV272-U,受注製品,,
S6-UV270V-U,見込み製品,,
S6-UV2300-U,受注製品,,
S6-UV2300-4-U,受注製品,,
S6-UV221-U,受注製品,,
S6-UV221K3-U,受注製品,,
S6-UV200-U-EX,受注製品,,
S6-SV9000B-U-EX,受注製品,,
S6-SV9000A-U-EX,受注製品,,
S6-SV3800LHRB-U-EX,受注製品,,
S6-SV3800LHRA-U-EX,受注製品,,
S6-SV3800LB-U-EX,受注製品,,
S6-SV3800LA-U-EX,受注製品,,
S6-SV3800B-U-EX,受注製品,,
S6-SV3800A-U-EX,受注製品,,
S6-SV3400B-U-EX,受注製品,,
S6-SV3400A-U-EX,受注製品,,
S6-RTS04-U,受注製品,,
S6-RTS01SZ-U,受注製品,,
S6-RTS01S3-U,受注製品,,
S6-RC20-U,受注製品,,
S6-MB20K2-U,受注製品,,
S6-M842-U,受注製品,,
S6-CH5202-U,受注製品,,
S6-CH4019-U,受注製品,,
S6-CH3019-U,受注製品,,
S5-RT48-4-T,受注製品,,
S5-RT45-T-EX,受注製品,,
S5-RT45-15-T-EX,受注製品,,
S5-RT400-T,受注製品,,
S5-RT4002-T,受注製品,,
S5-RT326-T,受注製品,,
S5-RT320V-T-R-EX,受注製品,,
S5-RT320-T-R-EX,受注製品,,
S5-RT320-T-EX,受注製品,,
S5-RT320-T,受注製品,,
S5-RT320HNVBLU-T,受注製品,,
S5-RT240R-T-R-EX,受注製品,,
S5-RT240R-T-EX,受注製品,,
S5-RT240R-14-T-EX,受注製品,,
S5-RT186-T-EX,受注製品,,
S5-RT186-T,受注製品,,
S5-RT186BL5-T-EX,受注製品,,
S5-RT186BL5-T,受注製品,,
S5-RT186BL15-T,受注製品,,
S5-RT186-4-T,受注製品,,
S5-RT186-15-T-EX,受注製品,,
S5-RT175K-T-EX,受注製品,,
S5-RT175K-T,受注製品,,
S5-RT175KSM-T,受注製品,,
S5-RT160HNVBL-4-T,受注製品,,
S5-RT160HNVBL125-4-T,受注製品,,
S5-RT160HNVBL07-T,受注製品,,
S5-RT160HNVBL07-4-T,受注製品,,
S5-RT160-4-T,受注製品,,
S5-RT140-T-EX,受注製品,,
S5-RT130-T-EX,受注製品,,
S5-FK2K-T-EX,受注製品,,
S5-FK2KBL-T,受注製品,,
S5-FK2KBL3-17-T-EX,受注製品,,
S5-FK2KBL30-T-EX,受注製品,,
S5-FK2KBL-15-T,受注製品,,
S5-FK2KBL05-T-EX,受注製品,,
S5-FK2KBL05-T,受注製品,,
S5-FK2KBL02-T,受注製品,,
S5-FK2K1-T-EX,受注製品,,
S5-593P-T-EX,受注製品,,
S5-593P-T,受注製品,,
S4-URPB-U-R-EX,受注製品,,
S4-URPB-U-EX,受注製品,,
S4-URPA-U-R-EX,受注製品,,
S4-URPA-U-EX,受注製品,,
S4-UR800B-4-U,受注製品,,
S4-SU930B-U-EX,受注製品,,
S4-SU930B-U,受注製品,,
S4-SU930B-3-U-EX,受注製品,,
S4-SU930A-U-EX,受注製品,,
S4-SU930A-U,受注製品,,
S4-SU930A-3-U-EX,受注製品,,
S4-SU100HB-U-R-EX,受注製品,,
S4-SU100HB-U-EX,受注製品,,
S4-SU100HB-U,受注製品,,
S4-SU100HA2-U-R-EX,受注製品,,
S4-SU100HA2-U-EX,受注製品,,
S4-SU100HA2-U,受注製品,,
S4-SU100B-U-EX,受注製品,,
S4-SU100A-U-EX,受注製品,,
S4-STUPHB-U-EX,受注製品,,
S4-STUPHB-U,受注製品,,
S4-STUPHA-U-EX,受注製品,,
S4-STUPHA-U,受注製品,,
S4-STR80B-U-EX,受注製品,,
S4-STR80B-3-U-EX,受注製品,,
S4-STR80A-U-EX,受注製品,,
S4-STR80A-3-U-EX,受注製品,,
S4-SR001B-U-EX,受注製品,,
S4-SR001B-U,受注製品,,
S4-SR001A-U-EX,受注製品,,
S4-SR001A-U,受注製品,,
S4-PPR82C-U,受注製品,,
S4-PPR82B-U-EX,受注製品,,
S4-PPR82B-U,受注製品,,
S4-PPR82A-U-EX,受注製品,,
S4-PPR82A-U,受注製品,,
S4-PPR82-3C-U-EX,受注製品,,
S4-PPR82-3C-U,受注製品,,
S4-PPR82-3B-U-EX,受注製品,,
S4-PPR82-3B-U,受注製品,,
S4-PPR82-3A-U-EX,受注製品,,
S4-PPR82-3A-U,受注製品,,
S4-PP653C-U-EX,受注製品,,
S4-PP653B-U-EX,受注製品,,
S4-PP653A-U-EX,受注製品,,
S4-PP553KC-U,受注製品,,
S4-PP553KB-U,受注製品,,
S4-PP553KA-U,受注製品,,
S4-PL037B-U,受注製品,,
S4-PL037A-U,受注製品,,
S4-KS042B-U-EX,受注製品,,
S4-KS042B-U,受注製品,,
S4-KS042A-U-EX,受注製品,,
S4-KS042A-U,受注製品,,
S4-K706GRC-U-EX,受注製品,,
S4-K706GRB-U-EX,受注製品,,
S4-K706GRA-U-EX,受注製品,,
S4-K706CLKC-U-EX,受注製品,,
S4-K706CLKC-U,受注製品,,
S4-K706CLKC-4-U,受注製品,,
S4-K706CLKC-3-U-EX,受注製品,,
S4-K706CLKB-U-EX,受注製品,,
S4-K706CLKB-U,受注製品,,
S4-K706CLKA-U-EX,受注製品,,
S4-K706CLKA-U,受注製品,,
S4-K706CLKA-3-U-EX,受注製品,,
S4-K706CLC-U-EX,受注製品,,
S4-K706CLC-U,受注製品,,
S4-K706CLC-4-U,受注製品,,
S4-K706CLC-3-U-EX,受注製品,,
S4-K706CLB-U-EX,受注製品,,
S4-K706CLB-U,受注製品,,
S4-K706CLA-U-EX,受注製品,,
S4-K706CLA-U,受注製品,,
S4-K706CLA-3-U-EX,受注製品,,
S4-K560B-U-R-EX,受注製品,,
S4-K560B-U-EX,受注製品,,
S4-K560B-4-U,受注製品,,
S4-K560A-U-R-EX,受注製品,,
S4-K560A-U-EX,受注製品,,
S4-K560A-4-U-EX,受注製品,,
S4-DPU42B-U,受注製品,,
S4-DPU42A-U,受注製品,,
S4-BS421B-U-EX,受注製品,,
S4-BS421B-4-U,受注製品,,
S4-BS421A-U-EX,受注製品,,
S4-BS421A-4-U,受注製品,,
S4-AS521B-U,受注製品,,
S4-AASB-U-EX,受注製品,,
S4-AASA-U-EX,受注製品,,
S3-STR120-U-R-EX,受注製品,,
S3-STR120-U-EX,受注製品,,
S3-STR120-3-U-EX,受注製品,,
S3-STH501M-U,見込み製品,,
S3-STH501M-TNK,受注製品,,
S3-STH380UB-U-EX,受注製品,,
S3-STH380UA-U-EX,受注製品,,
S3-STH380M-U,受注製品,,
S3-STH380B-U-EX,受注製品,,
S3-STH380A-U-EX,受注製品,,
S3-STH350CHA-U-EX,受注製品,,
S3-STH350B-U-EX,受注製品,,
S3-STH350A-14-U-EX,受注製品,,
S3-SGR41B-U,受注製品,,
S3-SGR41A-U,受注製品,,
S3-N404K2-U-EX,受注製品,,
S3-N404K2-U,受注製品,,
S3-N404K2B-U-EX,受注製品,,
S3-N404K2A-U-EX,受注製品,,
S3-KT3-TH,受注製品,,
S3-KT3C-U-EX,受注製品,,
S3-KT3B-U-EX,受注製品,,
S3-KT3B-U,受注製品,,
S3-KT3A-U-EX,受注製品,,
S3-KT3A-U,受注製品,,
S3-FK13SKB-U-EX,受注製品,,
S3-FK13SKB-U,受注製品,,
S3-FK13SKA-U-EX,受注製品,,
S3-FK13SB-U-EX,受注製品,,
S3-FK13SA-U-EX,受注製品,,
S3-FK13S1-U-EX,受注製品,,
S3-FG3000-4-U,受注製品,,
S3-BP90-U-EX,受注製品,,
S3-BP80B-U-EX,受注製品,,
S3-BP80A-U-EX,受注製品,,
S3-BP60B-U-EX,受注製品,,
S3-BP60A-U-EX,受注製品,,
S3-BP50-U-EX,受注製品,,
S3-BP50-4-U,受注製品,,
S1-PP33-1K-U,受注製品,,
S1-PCS3000-U,受注製品,,
S1-PC2000-U-EX,受注製品,,
S1-PC2000-4-U,受注製品,,
S1-K164N-U-EX,受注製品,,
S1-K150NSUM-U,受注製品,,
S1-FPA3-U-EX,受注製品,,
S1-AS83-U,受注製品,,
S1-AS7TK-U-EX,受注製品,,
S1-AS5TK-U-EX,受注製品,,
S1-AS5-CL-EX,受注製品,,
S11-YKU100B-U,受注製品,,
S11-YKU100A-U,受注製品,,
S11-YKT200-T,受注製品,,
S11-UVC3-TNK,受注製品,,
S11-UVC3-CL,受注製品,,
S11-PT04S-T-EX,受注製品,,
S11-PT04S-T,受注製品,,
S11-PT04B-T,受注製品,,
S11-PT04A-T,受注製品,,
S11-PSY70T-T-EX,受注製品,,
S11-PSY50URCHA-U-EX,受注製品,,
S11-PSY50URB-U-EX,受注製品,,
S11-PSY50URA-U-EX,受注製品,,
S11-PSY200UB-U-EX,受注製品,,
S11-PSY200UA-U-EX,受注製品,,
S11-PS50-U,受注製品,,
S11-PS200-U,受注製品,,
S11-PPS200-U-EX,受注製品,,
S11-PLY10B-U,受注製品,,
S11-PLY10A-U,受注製品,,
S11-KHU3K3B-U-EX,受注製品,,
S11-KHU3K3A-U-EX,受注製品,,
S11-KHT2-T-EX,受注製品,,
S11-KHT2-T,受注製品,,
S10-ZYEL9310-3,受注製品,,
S10-ZBLK9800-3-EZ,受注製品,,
S10-ZBLK808-3-EX,受注製品,,
S10-TA10P5-4,受注製品,,
S10-TA10P5-3-EX,受注製品,,
S10-TA10P5,受注製品,,
S10-SIRIKON-PM-EX,受注製品,,
S10-P2-R-EX,受注製品,,
S10-P2-EX,受注製品,,
S10-P2,見込み製品,,
S10-HYEL306-3,受注製品,,
S10-HBLU680-EX,受注製品,,
S10-HBLK803-3,受注製品,,
S10-FA341-15-EX,受注製品,,
S10-FA341-15,見込み製品,,
S10-FA341,見込み製品,,
S10-BLK91,受注製品,,
S15,受注製品,,
S15,受注製品,,
S15,受注製品,,
S15,受注製品,,
S15,受注製品,,
S15,受注製品,,
S15,受注製品,,
S2-UT210A-T,受注製品,,
S2-ST32-T-EX,受注製品,,
S2-ST32NPA-T,受注製品,,
S2-ST32HNV-T-EX,受注製品,,
S2-ST32HNV-T,受注製品,,
S2-HBLU72M20,受注製品,,
S2-HBLU72M20,受注製品,,
S2-HSG11,受注製品,,
S2-SENRY-14-BLK,受注製品,,
S2-SENRY-14-BLU,受注製品,,
S2-SENRY-14-ORA,受注製品,,
S2-SENRY-14-PNK,受注製品,,
S2-SENRY-14-RED,受注製品,,
S2-SENRY-14-YEL,受注製品,,
S2-SENRY-1-BLK-LQ,受注製品,,
S2-SENRY-1-BLU,受注製品,,
S2-SENRY-1-ORA,受注製品,,
S2-SENRY-1-PNK,受注製品,,
S2-SENRY-3-BLK,受注製品,,
S2-SENRY-3-BLK-LQ,受注製品,,
S2-SENRY-3-BLU,受注製品,,
S2-SENRY-3-BLU-LQ,受注製品,,
S2-SENRY-3-BRW,受注製品,,
S2-SENRY-3-ORA,受注製品,,
S2-SENRY-3-PNK,受注製品,,
S2-SENRY-3-RED,受注製品,,
S2-SENRY-3-REDBE4,受注製品,,
S2-SENRY-3-RED-LQ,受注製品,,
S2-SENRY-3-YEL,受注製品,,
S2-SENRY-BLK,受注製品,,
S2-SENRY-BLU,受注製品,,
S2-SENRY-BLU-LQ,受注製品,,
S2-SENRY-BRW,受注製品,,
S2-SENRY-ORA,受注製品,,
S2-SENRY-ORA-LQ,受注製品,,
S2-SENRY-ORG-LQ,受注製品,,
S2-SENRY-PNK,受注製品,,
S2-SENRY-RED,受注製品,,
S2-SENRY-RED4,受注製品,,
S2-SENRY-RED-LQ,受注製品,,
S2-SENRY-RHS-09,受注製品,,
S2-SENRY-ST32G-D916,受注製品,,
S2-SENRY-UT2G,受注製品,,
S2-SENRY-UV382CHR-61,受注製品,,
S2-SENRY-VIO,受注製品,,
S2-SENRY-VIO-43,受注製品,,
S2-SENRY-YEL,受注製品,,
S2-SENRY-YEL-LQ,受注製品,,
S2-ST10-4-T,受注製品,,
S2-ST10-T,受注製品,,
S2-ST18L-4-T,受注製品,,
S2-ST18-T,受注製品,,
S2-ST20-T,受注製品,,
S2-ST32-4-T,受注製品,,
S2-ST32ASK-T,受注製品,,
S2-ST32DS3-T,受注製品,,
S2-ST32HC-T,受注製品,,
S2-ST32HNV-T,受注製品,,
S2-ST32HNV-T-EX,受注製品,,
S2-ST32NPA-T,受注製品,,
S2-ST32-T,見込み製品,,
S2-ST32-T-EX,受注製品,,
S2-UT210A-T,受注製品,,
S2-UT210N-4-T,受注製品,,
S2-UT210N-T,受注製品,,
S2-UT2A-T,受注製品,,
S2-UT2B-T,受注製品,,
S2-ST32HNV-T-EX,受注製品,,
S2-ST32NPA-T,受注製品,,
S2-ST32-T,見込み製品,,
S2-ST32-T-EX,受注製品,,
S2-UT210A-T,受注製品,,
S2-UT210N-4-T,受注製品,,
S2-UT210N-T,受注製品,,
S2-UT2A-T,受注製品,,
S2-UT2B-T,受注製品,,
S15-3300G-Y35,受注製品,,
S15-3300G-Y36,受注製品,,
S15-3300M-BRW-128,受注製品,,
S15-3300MG-Y36,受注製品,,
S15-5500G-2,受注製品,,
S15-EDG-1,受注製品,,
S15-EDG-2,受注製品,,
S15-EDG-3,受注製品,,
S15-EDMG-M6,受注製品,,
S15-EDMG-M7,受注製品,,
S15-EDNG-S8,受注製品,,
S15-RT25COP-30,受注製品,,
S15-ST10G-C1,受注製品,,
S15-ST10G-C2,受注製品,,
S15-ST10G-C3,受注製品,,
S15-ST10G-C4,受注製品,,
S15-ST10G-C5,受注製品,,
S15-ST10G-C8,受注製品,,
S15-ST10G-C9,受注製品,,
S15-ST10G-H25,受注製品,,
S15-ST18BLK-70,受注製品,,
S15-ST18BRW-18,受注製品,,
S15-ST18BRW-44,受注製品,,
S15-ST18BRW-65,受注製品,,
S15-ST18BRW-7,受注製品,,
S15-ST18BRW-72,受注製品,,
S15-ST18CHR,受注製品,,
S15-ST18CHR-13,受注製品,,
S15-ST18CHR-35,受注製品,,
S15-ST18CHR-5,受注製品,,
S15-ST18COP-12,受注製品,,
S15-ST18COP-23,受注製品,,
S15-ST18COP-27,受注製品,,
S15-ST18COP-31,受注製品,,
S15-ST18COP-31-5,受注製品,,
S15-ST18COP-38,受注製品,,
S15-ST18COP-40,受注製品,,
S15-ST18G-3,受注製品,,
S15-ST18G-8,受注製品,,
S15-ST18G-A2,受注製品,,
S15-ST18G-A6,受注製品,,
S15-ST18G-B,受注製品,,
S15-ST18G-B918,受注製品,,
S15-ST18G-D13,受注製品,,
S15-ST18G-D3,受注製品,,
S15-ST18G-E11,受注製品,,
S15-ST18G-E16,受注製品,,
S15-ST18G-E18,受注製品,,
S15-ST18G-E21,受注製品,,
S15-ST18G-E31,受注製品,,
S15-ST18G-E9,受注製品,,
S15-ST18G-F11,受注製品,,
S15-ST18G-F17,受注製品,,
S15-ST18G-F5,受注製品,,
S15-ST18G-F51,受注製品,,
S15-ST18G-F70,受注製品,,
S15-ST18G-G5,受注製品,,
S15-ST18G-H23,受注製品,,
S15-ST18G-H26,受注製品,,
S15-ST18G-H26-82,受注製品,,
S15-ST18G-H26C,受注製品,,
S15-ST18G-H516,受注製品,,
S15-ST18G-H815,受注製品,,
S15-ST18G-H820,受注製品,,
S15-ST18G-K014,受注製品,,
S15-ST18G-K020,受注製品,,
S15-ST18G-K716,受注製品,,
S15-ST18G-L016,受注製品,,
S15-ST18G-L611,受注製品,,
S15-ST18G-L809,受注製品,,
S15-ST18G-M210,受注製品,,
S15-ST18G-M213,受注製品,,
S15-ST18G-M407,受注製品,,
S15-ST18G-M610,受注製品,,
S15-ST18G-M909,受注製品,,
S15-ST18G-M913,受注製品,,
S15-ST18G-N210,受注製品,,
S15-ST18G-N216,受注製品,,
S15-ST18G-N416,受注製品,,
S15-ST18G-N806,受注製品,,
S15-ST18G-N811,受注製品,,
S15-ST18G-S22,受注製品,,
S15-ST18G-S610,受注製品,,
S15-ST18G-T811,受注製品,,
S15-ST18G-T915,受注製品,,
S15-ST18G-U113,受注製品,,
S15-ST18G-U615,受注製品,,
S15-ST18G-V115,受注製品,,
S15-ST18G-V809,受注製品,,
S15-ST18G-Y77,受注製品,,
S15-ST18G-Y78,受注製品,,
S15-ST18LG-L809,受注製品,,
S15-ST18YEL-2,受注製品,,
S15-ST20BLU-70,受注製品,,
S15-ST20BRW-95,受注製品,,
S15-ST20CHR-50,受注製品,,
S15-ST20COP,受注製品,,
S15-ST20COP-32,受注製品,,
S15-ST20G-10DR,受注製品,,
S15-ST20G-11,受注製品,,
S15-ST20G-31,受注製品,,
S15-ST20G-5,受注製品,,
S15-ST20G-F90,受注製品,,
S15-ST20G-G,受注製品,,
S15-ST20G-G5,受注製品,,
S15-ST20G-U777,受注製品,,
S15-ST20G-X113,受注製品,,
S15-ST20G-X209,受注製品,,
S15-ST20G-X211,受注製品,,
S15-ST20G-X216,受注製品,,
S15-ST20G-XA09,受注製品,,
S15-ST20G-Y54,受注製品,,
S15-ST20RED-62,受注製品,,
S15-ST32BLK-17TK,受注製品,,
S15-ST32BLK-19,受注製品,,
S15-ST32BLK-5,受注製品,,
S15-ST32BLK-74TK,受注製品,,
S15-ST32BLK-77,受注製品,,
S15-ST32BLK-79,受注製品,,
S15-ST32BLK-8,受注製品,,
S15-ST32BLK-86,受注製品,,
S15-ST32BLK-87TK,受注製品,,
S15-ST32BLK-89TK,受注製品,,
S15-ST32BLK-90,受注製品,,
S15-ST32BLK-92,受注製品,,
S15-ST32BLK-93,受注製品,,
S15-ST32BLK-94,受注製品,,
S15-ST32BLK-95,受注製品,,
S15-ST32BLK-96TK,受注製品,,
S15-ST32BLK-97,受注製品,,
S15-ST32BLK-98TK,受注製品,,
S15-ST32BLK-99,受注製品,,
S15-ST32BLU-100,受注製品,,
S15-ST32BLU-101,受注製品,,
S15-ST32BLU-102,受注製品,,
S15-ST32BLU-103,受注製品,,
S15-ST32BLU-104,受注製品,,
S15-ST32BLU-105,受注製品,,
S15-ST32BLU-106,受注製品,,
S15-ST32BLU-107,受注製品,,
S15-ST32BLU-108,受注製品,,
S15-ST32BLU-109,受注製品,,
S15-ST32BLU-110,受注製品,,
S15-ST32BLU-111,受注製品,,
S15-ST32BLU-113,受注製品,,
S15-ST32BLU-114,受注製品,,
S15-ST32BLU-115,受注製品,,
S15-ST32BLU-116,受注製品,,
S15-ST32BLU-117,受注製品,,
S15-ST32BLU-118,受注製品,,
S15-ST32BLU-119,受注製品,,
S15-ST32BLU-120,受注製品,,
S15-ST32BLU-121,受注製品,,
S15-ST32BLU-122,受注製品,,
S15-ST32BLU-14,受注製品,,
S15-ST32BLU-28,受注製品,,
S15-ST32BLU-34,受注製品,,
S15-ST32BLU-36,受注製品,,
S15-ST32BLU-4,受注製品,,
S15-ST32BLU-40,受注製品,,
S15-ST32BLU-4-108,受注製品,,
S15-ST32BLU-4-112,受注製品,,
S15-ST32BLU-4-58,受注製品,,
S15-ST32BLU-4-6,受注製品,,
S15-ST32BLU-4-72,受注製品,,
S15-ST32BLU-4-81,受注製品,,
S15-ST32BLU-4-87,受注製品,,
S15-ST32BLU-4-88,受注製品,,
S15-ST32BLU-54,受注製品,,
S15-ST32BLU-58,受注製品,,
S15-ST32BLU-6,受注製品,,
S15-ST32BLU-62,受注製品,,
S15-ST32BLU-69,受注製品,,
S15-ST32BLU-71,受注製品,,
S15-ST32BLU-73,受注製品,,
S15-ST32BLU-74,受注製品,,
S15-ST32BLU-75,受注製品,,
S15-ST32BLU-76,受注製品,,
S15-ST32BLU-77,受注製品,,
S15-ST32BLU-78,受注製品,,
S15-ST32BLU-79,受注製品,,
S15-ST32BLU-80,受注製品,,
S15-ST32BLU-82,受注製品,,
S15-ST32BLU-83,受注製品,,
S15-ST32BLU-84,受注製品,,
S15-ST32BLU-85,受注製品,,
S15-ST32BLU-86,受注製品,,
S15-ST32BLU-87,受注製品,,
S15-ST32BLU-89,受注製品,,
S15-ST32BLU-90,受注製品,,
S15-ST32BLU-92,受注製品,,
S15-ST32BLU-93,受注製品,,
S15-ST32BLU-94,受注製品,,
S15-ST32BLU-95,受注製品,,
S15-ST32BLU-96,受注製品,,
S15-ST32BLU-97,受注製品,,
S15-ST32BLU-98,受注製品,,
S15-ST32BLU-99,受注製品,,
S15-ST32BOR-3,受注製品,,
S15-ST32BOR-4,受注製品,,
S15-ST32BOR-6,受注製品,,
S15-ST32BOR-7,受注製品,,
S15-ST32BRW-100,受注製品,,
S15-ST32BRW-101,受注製品,,
S15-ST32BRW-102,受注製品,,
S15-ST32BRW-103,受注製品,,
S15-ST32BRW-104,受注製品,,
S15-ST32BRW-105,受注製品,,
S15-ST32BRW-106,受注製品,,
S15-ST32BRW-107,受注製品,,
S15-ST32BRW-108,受注製品,,
S15-ST32BRW-109TK,受注製品,,
S15-ST32BRW-110,受注製品,,
S15-ST32BRW-111,受注製品,,
S15-ST32BRW-112TK,受注製品,,
S15-ST32BRW-113,受注製品,,
S15-ST32BRW-114TK,受注製品,,
S15-ST32BRW-115,受注製品,,
S15-ST32BRW-116,受注製品,,
S15-ST32BRW-117,受注製品,,
S15-ST32BRW-118TK,受注製品,,
S15-ST32BRW-119,受注製品,,
S15-ST32BRW-120,受注製品,,
S15-ST32BRW-121TK,受注製品,,
S15-ST32BRW-122,受注製品,,
S15-ST32BRW-124,受注製品,,
S15-ST32BRW-126,受注製品,,
S15-ST32BRW-129,受注製品,,
S15-ST32BRW-130,受注製品,,
S15-ST32BRW-132,受注製品,,
S15-ST32BRW-133TK,受注製品,,
S15-ST32BRW-134,受注製品,,
S15-ST32BRW-135,受注製品,,
S15-ST32BRW-136TK,受注製品,,
S15-ST32BRW-137,受注製品,,
S15-ST32BRW-139,受注製品,,
S15-ST32BRW-140,受注製品,,
S15-ST32BRW-142TK,受注製品,,
S15-ST32BRW-143,受注製品,,
S15-ST32BRW-144,受注製品,,
S15-ST32BRW-145TK,受注製品,,
S15-ST32BRW-146TK,受注製品,,
S15-ST32BRW-147,受注製品,,
S15-ST32BRW-17,受注製品,,
S15-ST32BRW-20,受注製品,,
S15-ST32BRW-23,受注製品,,
S15-ST32BRW-25,受注製品,,
S15-ST32BRW-26,受注製品,,
S15-ST32BRW-2A,受注製品,,
S15-ST32BRW-4,受注製品,,
S15-ST32BRW-47TK,受注製品,,
S15-ST32BRW-49,受注製品,,
S15-ST32BRW-49TK,受注製品,,
S15-ST32BRW-61,受注製品,,
S15-ST32BRW-66,受注製品,,
S15-ST32BRW-68,受注製品,,
S15-ST32BRW-70TK,受注製品,,
S15-ST32BRW-81,受注製品,,
S15-ST32BRW-84TK,受注製品,,
S15-ST32BRW-85,受注製品,,
S15-ST32BRW-86,受注製品,,
S15-ST32BRW-88,受注製品,,
S15-ST32BRW-89TK,受注製品,,
S15-ST32BRW-92,受注製品,,
S15-ST32BRW-93,受注製品,,
S15-ST32BRW-94,受注製品,,
S15-ST32BRW-97,受注製品,,
S15-ST32BRW-98,受注製品,,
S15-ST32BRW-99,受注製品,,
S15-ST32BUL-97,受注製品,,
S15-ST32CHR,受注製品,,
S15-ST32CHR-13,受注製品,,
S15-ST32CHR-31,受注製品,,
S15-ST32CHR-38,受注製品,,
S15-ST32CHR-40,受注製品,,
S15-ST32CHR-43,受注製品,,
S15-ST32CHR-4-44,受注製品,,
S15-ST32CHR-45,受注製品,,
S15-ST32CHR-46,受注製品,,
S15-ST32CHR-48,受注製品,,
S15-ST32CHR-51,受注製品,,
S15-ST32CHR-52,受注製品,,
S15-ST32CHR-53,受注製品,,
S15-ST32CHR-54TK,受注製品,,
S15-ST32CHR-56,受注製品,,
S15-ST32CHR-57,受注製品,,
S15-ST32CHR-58,受注製品,,
S15-ST32CHR-62,受注製品,,
S15-ST32CHR-65TK,受注製品,,
S15-ST32CHR-66,受注製品,,
S15-ST32CHR-67TK,受注製品,,
S15-ST32CHR-68,受注製品,,
S15-ST32CHR-69,受注製品,,
S15-ST32COP,受注製品,,
S15-ST32COP-25TK,受注製品,,
S15-ST32COP-28,受注製品,,
S15-ST32COP-29,受注製品,,
S15-ST32COP-33,受注製品,,
S15-ST32COP-34,受注製品,,
S15-ST32COP-35,受注製品,,
S15-ST32COP-36TK,受注製品,,
S15-ST32COP-37,受注製品,,
S15-ST32COP-38TK,受注製品,,
S15-ST32COP-39,受注製品,,
S15-ST32COP-4,受注製品,,
S15-ST32COP-41,受注製品,,
S15-ST32COP-42,受注製品,,
S15-ST32COP-43,受注製品,,
S15-ST32COP-44,受注製品,,
S15-ST32COP-4-49,受注製品,,
S15-ST32COP-45,受注製品,,
S15-ST32COP-46,受注製品,,
S15-ST32COP-47,受注製品,,
S15-ST32COP-48,受注製品,,
S15-ST32COP-51,受注製品,,
S15-ST32COP-53TK,受注製品,,
S15-ST32COP-54,受注製品,,
S15-ST32COP-55,受注製品,,
S15-ST32COP-56,受注製品,,
S15-ST32COP-57,受注製品,,
S15-ST32G-10DR,受注製品,,
S15-ST32G-12,受注製品,,
S15-ST32G-21,受注製品,,
S15-ST32G-26,受注製品,,
S15-ST32G-4-A618,受注製品,,
S15-ST32G-4-A712,受注製品,,
S15-ST32G-4-B910,受注製品,,
S15-ST32G-4-C417,受注製品,,
S15-ST32G-4-F916,受注製品,,
S15-ST32G-4-Z901,受注製品,,
S15-ST32G-5,受注製品,,
S15-ST32G-6,受注製品,,
S15-ST32G-63,受注製品,,
S15-ST32G-68,受注製品,,
S15-ST32G-7,受注製品,,
S15-ST32G-8,受注製品,,
S15-ST32G-83,受注製品,,
S15-ST32G-84,受注製品,,
S15-ST32G-8TK,受注製品,,
S15-ST32G-A018,受注製品,,
S15-ST32G-A020,受注製品,,
S15-ST32G-A021,受注製品,,
S15-ST32G-A118,受注製品,,
S15-ST32G-A119,受注製品,,
S15-ST32G-A119TK,受注製品,,
S15-ST32G-A120TK,受注製品,,
S15-ST32G-A2,受注製品,,
S15-ST32G-A220,受注製品,,
S15-ST32G-A314,受注製品,,
S15-ST32G-A317,受注製品,,
S15-ST32G-A514,受注製品,,
S15-ST32G-A616,受注製品,,
S15-ST32G-A619,受注製品,,
S15-ST32G-A620,受注製品,,
S15-ST32G-A709,受注製品,,
S15-ST32G-A710,受注製品,,
S15-ST32G-A717,受注製品,,
S15-ST32G-A718,受注製品,,
S15-ST32G-A719,受注製品,,
S15-ST32G-A806TK,受注製品,,
S15-ST32G-A819,受注製品,,
S15-ST32G-A913,受注製品,,
S15-ST32G-A914,受注製品,,
S15-ST32G-A915,受注製品,,
S15-ST32G-A915M,受注製品,,
S15-ST32G-B011,受注製品,,
S15-ST32G-B017,受注製品,,
S15-ST32G-B018,受注製品,,
S15-ST32G-B118,受注製品,,
S15-ST32G-B119,受注製品,,
S15-ST32G-B213,受注製品,,
S15-ST32G-B215,受注製品,,
S15-ST32G-B320,受注製品,,
S15-ST32G-B4,受注製品,,
S15-ST32G-B420,受注製品,,
S15-ST32G-B4DR,受注製品,,
S15-ST32G-B517,受注製品,,
S15-ST32G-B518,受注製品,,
S15-ST32G-B613,受注製品,,
S15-ST32G-B619,受注製品,,
S15-ST32G-B706,受注製品,,
S15-ST32G-B707,受注製品,,
S15-ST32G-B713,受注製品,,
S15-ST32G-B715,受注製品,,
S15-ST32G-B817,受注製品,,
S15-ST32G-B817TK,受注製品,,
S15-ST32G-B915,受注製品,,
S15-ST32G-B918,受注製品,,
S15-ST32G-C001,受注製品,,
S15-ST32G-C006,受注製品,,
S15-ST32G-C007,受注製品,,
S15-ST32G-C009,受注製品,,
S15-ST32G-C012,受注製品,,
S15-ST32G-C019TK,受注製品,,
S15-ST32G-C113,受注製品,,
S15-ST32G-C115,受注製品,,
S15-ST32G-C116,受注製品,,
S15-ST32G-C213,受注製品,,
S15-ST32G-C214,受注製品,,
S15-ST32G-C219,受注製品,,
S15-ST32G-C307,受注製品,,
S15-ST32G-C309,受注製品,,
S15-ST32G-C312,受注製品,,
S15-ST32G-C313TK,受注製品,,
S15-ST32G-C316,受注製品,,
S15-ST32G-C318,受注製品,,
S15-ST32G-C411,受注製品,,
S15-ST32G-C415,受注製品,,
S15-ST32G-C417,受注製品,,
S15-ST32G-C513,受注製品,,
S15-ST32G-C613,受注製品,,
S15-ST32G-C614,受注製品,,
S15-ST32G-C614TK,受注製品,,
S15-ST32G-C709,受注製品,,
S15-ST32G-C714,受注製品,,
S15-ST32G-C715,受注製品,,
S15-ST32G-C717,受注製品,,
S15-ST32G-C784,受注製品,,
S15-ST32G-C804TK,受注製品,,
S15-ST32G-C809,受注製品,,
S15-ST32G-C809-1,受注製品,,
S15-ST32G-C813,受注製品,,
S15-ST32G-C815,受注製品,,
S15-ST32G-C911,受注製品,,
S15-ST32G-C912,受注製品,,
S15-ST32G-C916,受注製品,,
S15-ST32G-D009,受注製品,,
S15-ST32G-D055,受注製品,,
S15-ST32G-D101,受注製品,,
S15-ST32G-D209,受注製品,,
S15-ST32G-D306,受注製品,,
S15-ST32G-D308,受注製品,,
S15-ST32G-D310,受注製品,,
S15-ST32G-D312,受注製品,,
S15-ST32G-D312A,受注製品,,
S15-ST32G-D313,受注製品,,
S15-ST32G-D315,受注製品,,
S15-ST32G-D317,受注製品,,
S15-ST32G-D413,受注製品,,
S15-ST32G-D511,受注製品,,
S15-ST32G-D813,受注製品,,
S15-ST32G-D816,受注製品,,
S15-ST32G-D908,受注製品,,
S15-ST32G-D910,受注製品,,
S15-ST32G-D916,受注製品,,
S15-ST32G-E014,受注製品,,
S15-ST32G-E114,受注製品,,
S15-ST32G-E115,受注製品,,
S15-ST32G-E207,受注製品,,
S15-ST32G-E207TK,受注製品,,
S15-ST32G-E209,受注製品,,
S15-ST32G-E213,受注製品,,
S15-ST32G-E316,受注製品,,
S15-ST32G-E416,受注製品,,
S15-ST32G-E508,受注製品,,
S15-ST32G-E608,受注製品,,
S15-ST32G-E809,受注製品,,
S15-ST32G-E813,受注製品,,
S15-ST32G-E913,受注製品,,
S15-ST32G-F006,受注製品,,
S15-ST32G-F007,受注製品,,
S15-ST32G-F013,受注製品,,
S15-ST32G-F110,受注製品,,
S15-ST32G-F116,受注製品,,
S15-ST32G-F205,受注製品,,
S15-ST32G-F206,受注製品,,
S15-ST32G-F216,受注製品,,
S15-ST32G-F410,受注製品,,
S15-ST32G-F608,受注製品,,
S15-ST32G-F809,受注製品,,
S15-ST32G-F916,受注製品,,
S15-ST32G-G,受注製品,,
S15-ST32G-G16,受注製品,,
S15-ST32G-G5,受注製品,,
S15-ST32G-G515,受注製品,,
S15-ST32G-G807,受注製品,,
S15-ST32G-G9,受注製品,,
S15-ST32G-G913,受注製品,,
S15-ST32G-H23,受注製品,,
S15-ST32G-H26,受注製品,,
S15-ST32G-H26-82,受注製品,,
S15-ST32G-H28,受注製品,,
S15-ST32G-J301,受注製品,,
S15-ST32G-J606TK,受注製品,,
S15-ST32G-M405,受注製品,,
S15-ST32GRE-100,受注製品,,
S15-ST32GRE-101,受注製品,,
S15-ST32GRE-102,受注製品,,
S15-ST32GRE-103,受注製品,,
S15-ST32GRE-104,受注製品,,
S15-ST32GRE-105,受注製品,,
S15-ST32GRE-107,受注製品,,
S15-ST32GRE-108,受注製品,,
S15-ST32GRE-109,受注製品,,
S15-ST32GRE-12,受注製品,,
S15-ST32GRE-20,受注製品,,
S15-ST32GRE-23,受注製品,,
S15-ST32GRE-32,受注製品,,
S15-ST32GRE-41,受注製品,,
S15-ST32GRE-4-96,受注製品,,
S15-ST32GRE-71,受注製品,,
S15-ST32GRE-77,受注製品,,
S15-ST32GRE-78,受注製品,,
S15-ST32GRE-85,受注製品,,
S15-ST32GRE-86,受注製品,,
S15-ST32GRE-87,受注製品,,
S15-ST32GRE-88,受注製品,,
S15-ST32GRE-89,受注製品,,
S15-ST32GRE-90,受注製品,,
S15-ST32GRE-91,受注製品,,
S15-ST32GRE-92,受注製品,,
S15-ST32GRE-93,受注製品,,
S15-ST32GRE-94,受注製品,,
S15-ST32GRE-95,受注製品,,
S15-ST32GRE-96,受注製品,,
S15-ST32GRE-97,受注製品,,
S15-ST32GRE-98,受注製品,,
S15-ST32GRE-99,受注製品,,
S15-ST32G-T3,受注製品,,
S15-ST32G-T5,受注製品,,
S15-ST32G-V013,受注製品,,
S15-ST32G-V214,受注製品,,
S15-ST32G-V308TK,受注製品,,
S15-ST32G-V603,受注製品,,
S15-ST32G-V607,受注製品,,
S15-ST32G-V907TK,受注製品,,
S15-ST32G-X320,受注製品,,
S15-ST32G-X610,受注製品,,
S15-ST32G-X703,受注製品,,
S15-ST32G-X703TK,受注製品,,
S15-ST32G-Y15,受注製品,,
S15-ST32G-Y360,受注製品,,
S15-ST32G-Y56,受注製品,,
S15-ST32G-Z109,受注製品,,
S15-ST32G-Z20,受注製品,,
S15-ST32G-Z201,受注製品,,
S15-ST32G-Z202,受注製品,,
S15-ST32G-Z208TK,受注製品,,
S15-ST32HNVG-B208,受注製品,,
S15-ST32HNVG-X610,受注製品,,
S15-ST32NPABRW-122,受注製品,,
S15-ST32NPAG-B619,受注製品,,
S15-ST32PNK,受注製品,,
S15-ST32PNK-1,受注製品,,
S15-ST32PNK-18,受注製品,,
S15-ST32PNK-22,受注製品,,
S15-ST32PNK-22-4,受注製品,,
S15-ST32PNK-23,受注製品,,
S15-ST32PNK-24,受注製品,,
S15-ST32PNK-27,受注製品,,
S15-ST32PNK-29,受注製品,,
S15-ST32PNK-30,受注製品,,
S15-ST32PNK-31,受注製品,,
S15-ST32PNK-32,受注製品,,
S15-ST32PNK-33,受注製品,,
S15-ST32PNK-34,受注製品,,
S15-ST32PNK-35,受注製品,,
S15-ST32PNK-36,受注製品,,
S15-ST32PNK-37,受注製品,,
S15-ST32PNK-38,受注製品,,
S15-ST32PNK-39,受注製品,,
S15-ST32PNK-4,受注製品,,
S15-ST32PNK-40,受注製品,,
S15-ST32PNK-41,受注製品,,
S15-ST32PNK-4-24,受注製品,,
S15-ST32PNK-43,受注製品,,
S15-ST32PNK-4-33,受注製品,,
S15-ST32PNK-45,受注製品,,
S15-ST32PNK-46,受注製品,,
S15-ST32PNK-6,受注製品,,
S15-ST32RED-11,受注製品,,
S15-ST32RED-18,受注製品,,
S15-ST32RED-20,受注製品,,
S15-ST32RED-34,受注製品,,
S15-ST32RED-35,受注製品,,
S15-ST32RED-37,受注製品,,
S15-ST32RED-39,受注製品,,
S15-ST32RED-40,受注製品,,
S15-ST32RED-42,受注製品,,
S15-ST32RED-43,受注製品,,
S15-ST32RED-44,受注製品,,
S15-ST32RED-4-43,受注製品,,
S15-ST32RED-45,受注製品,,
S15-ST32RED-4-57,受注製品,,
S15-ST32RED-46,受注製品,,
S15-ST32RED-47,受注製品,,
S15-ST32RED-4-71,受注製品,,
S15-ST32RED-48,受注製品,,
S15-ST32RED-49,受注製品,,
S15-ST32RED-50,受注製品,,
S15-ST32RED-51,受注製品,,
S15-ST32RED-52,受注製品,,
S15-ST32RED-53,受注製品,,
S15-ST32RED-54,受注製品,,
S15-ST32RED-55,受注製品,,
S15-ST32RED-56,受注製品,,
S15-ST32RED-57,受注製品,,
S15-ST32RED-58,受注製品,,
S15-ST32RED-59,受注製品,,
S15-ST32RED-60,受注製品,,
S15-ST32RED-61,受注製品,,
S15-ST32RED-63,受注製品,,
S15-ST32RED-64,受注製品,,
S15-ST32RED-66,受注製品,,
S15-ST32RED-68,受注製品,,
S15-ST32RED-69,受注製品,,
S15-ST32RED-71,受注製品,,
S15-ST32RED-72,受注製品,,
S15-ST32RED-75,受注製品,,
S15-ST32RED-76,受注製品,,
S15-ST32RED-77,受注製品,,
S15-ST32RED-78,受注製品,,
S15-ST32RED-FG2,受注製品,,
S15-ST32RED-SA,受注製品,,
S15-ST32VIO-11,受注製品,,
S15-ST32VIO-21,受注製品,,
S15-ST32VIO-24,受注製品,,
S15-ST32VIO-25,受注製品,,
S15-ST32VIO-30,受注製品,,
S15-ST32VIO-32,受注製品,,
S15-ST32VIO-35,受注製品,,
S15-ST32VIO-36,受注製品,,
S15-ST32VIO-37,受注製品,,
S15-ST32VIO-38,受注製品,,
S15-ST32VIO-39,受注製品,,
S15-ST32VIO-40,受注製品,,
S15-ST32VIO-41,受注製品,,
S15-ST32VIO-42,受注製品,,
S15-ST32VIO-43,受注製品,,
S15-ST32VIO-4-34,受注製品,,
S15-ST32VIO-4-42,受注製品,,
S15-ST32VIO-45,受注製品,,
S15-ST32VIO-4-54,受注製品,,
S15-ST32VIO-46,受注製品,,
S15-ST32VIO-48,受注製品,,
S15-ST32VIO-49,受注製品,,
S15-ST32VIO-4-RH,受注製品,,
S15-ST32VIO-5,受注製品,,
S15-ST32VIO-50,受注製品,,
S15-ST32VIO-51,受注製品,,
S15-ST32VIO-52,受注製品,,
S15-ST32VIO-53,受注製品,,
S15-ST32VIO-54,受注製品,,
S15-ST32VIO-RH,受注製品,,
S15-ST32YEL-3,受注製品,,
S15-SY32BLU-4-88,受注製品,,
S15-UT1210NG-N62TK,受注製品,,
S15-UT210A-BRW-123TK,受注製品,,
S15-UT210A-BRW-84,受注製品,,
S15-UT210A-CHR,受注製品,,
S15-UT210A-CHR-47,受注製品,,
S15-UT210AG-14,受注製品,,
S15-UT210AG-26,受注製品,,
S15-UT210AG-75,受注製品,,
S15-UT210AG-89,受注製品,,
S15-UT210AG-96,受注製品,,
S15-UT210AG-97,受注製品,,
S15-UT210AG-A10,受注製品,,
S15-UT210AG-G,受注製品,,
S15-UT210AG-N12,受注製品,,
S15-UT210N-4-BRW-131,受注製品,,
S15-UT210N-BLK-91,受注製品,,
S15-UT210N-BRW-127,受注製品,,
S15-UT210N-BRW-131,受注製品,,
S15-UT210N-BRW-138TK,受注製品,,
S15-UT210N-BRW-141,受注製品,,
S15-UT210N-BRW-2,受注製品,,
S15-UT210N-BRW-84,受注製品,,
S15-UT210N-BRW-96,受注製品,,
S15-UT210N-CHR,受注製品,,
S15-UT210N-CHR-37,受注製品,,
S15-UT210N-CHR-42,受注製品,,
S15-UT210N-CHR-55,受注製品,,
S15-UT210N-CHR-60TK,受注製品,,
S15-UT210N-CHR-63,受注製品,,
S15-UT210N-COP-50,受注製品,,
S15-UT210N-COP-52,受注製品,,
S15-UT210N-COP-57,受注製品,,
S15-UT210NG-15-N45,受注製品,,
S15-UT210NG-29,受注製品,,
S15-UT210NG-4-66,受注製品,,
S15-UT210NG-4-N65TK,受注製品,,
S15-UT210NG-4-N73,受注製品,,
S15-UT210NG-60,受注製品,,
S15-UT210NG-66,受注製品,,
S15-UT210NG-75,受注製品,,
S15-UT210NG-9,受注製品,,
S15-UT210NG-96,受注製品,,
S15-UT210NG-F53,受注製品,,
S15-UT210NG-G,受注製品,,
S15-UT210NG-G2,受注製品,,
S15-UT210NG-N11,受注製品,,
S15-UT210NG-N12,受注製品,,
S15-UT210NG-N18,受注製品,,
S15-UT210NG-N22,受注製品,,
S15-UT210NG-N23,受注製品,,
S15-UT210NG-N24,受注製品,,
S15-UT210NG-N25,受注製品,,
S15-UT210NG-N26,受注製品,,
S15-UT210NG-N27,受注製品,,
S15-UT210NG-N29,受注製品,,
S15-UT210NG-N30,受注製品,,
S15-UT210NG-N32TK,受注製品,,
S15-UT210NG-N33,受注製品,,
S15-UT210NG-N34TK,受注製品,,
S15-UT210NG-N35,受注製品,,
S15-UT210NG-N36,受注製品,,
S15-UT210NG-N37,受注製品,,
S15-UT210NG-N38TK,受注製品,,
S15-UT210NG-N39TK,受注製品,,
S15-UT210NG-N40TK,受注製品,,
S15-UT210NG-N41,受注製品,,
S15-UT210NG-N42TK,受注製品,,
S15-UT210NG-N43,受注製品,,
S15-UT210NG-N44,受注製品,,
S15-UT210NG-N45,受注製品,,
S15-UT210NG-N45TK,受注製品,,
S15-UT210NG-N46,受注製品,,
S15-UT210NG-N47,受注製品,,
S15-UT210NG-N48,受注製品,,
S15-UT210NG-N49,受注製品,,
S15-UT210NG-N50,受注製品,,
S15-UT210NG-N51,受注製品,,
S15-UT210NG-N52,受注製品,,
S15-UT210NG-N53,受注製品,,
S15-UT210NG-N54TK,受注製品,,
S15-UT210NG-N55TK,受注製品,,
S15-UT210NG-N56,受注製品,,
S15-UT210NG-N57,受注製品,,
S15-UT210NG-N-57,受注製品,,
S15-UT210NG-N58TK,受注製品,,
S15-UT210NG-N59,受注製品,,
S15-UT210NG-N60,受注製品,,
S15-UT210NG-N61,受注製品,,
S15-UT210NG-N62TK,受注製品,,
S15-UT210NG-N63TK,受注製品,,
S15-UT210NG-N64,受注製品,,
S15-UT210NG-N65TK,受注製品,,
S15-UT210NG-N66TK,受注製品,,
S15-UT210NG-N67,受注製品,,
S15-UT210NG-N68TK,受注製品,,
S15-UT210NG-N69,受注製品,,
S15-UT210NG-N70,受注製品,,
S15-UT210NG-N71,受注製品,,
S15-UT210NG-N72,受注製品,,
S15-UT210NG-N74,受注製品,,
S15-UT210NG-N75,受注製品,,
S15-UT210NG-N76,受注製品,,
S15-UT210NG-N77,受注製品,,
S15-UT210NG-N78,受注製品,,
S15-UT210NG-N79,受注製品,,
S15-UT210N-GRE-106,受注製品,,
S15-UT210N-PNK-44,受注製品,,
S15-UT210N-PNK-47,受注製品,,
S15-UT210N-RED-65,受注製品,,
S15-UT210N-RED-73,受注製品,,
S15-UT210N-RED-74,受注製品,,
S15-UT210N-RED-75,受注製品,,
S15-UT210N-VIO-44,受注製品,,
S15-UV382BRW-125,受注製品,,
S15-UV382CHR-59,受注製品,,
S15-UV382CHR-61,受注製品,,
S15-UV382CHR-64TK,受注製品,,
S15-UV382G-F22,受注製品,,
S15-UV382G-U1,受注製品,,
S15-UV382RED-67,受注製品,,
S15-UV382RED-70,受注製品,,
S10-BLK803-15,受注製品,,
S10-BLK91,受注製品,,
S10-BLK91-16,受注製品,,
S10-BRW503-15,受注製品,,
S10-DIBK,受注製品,,
S10-E-C,見込み製品,,
S10-FA341,受注製品,,
S10-FA341-15,見込み製品,,
S10-FA341-15-EX,受注製品,,
S10-FB,受注製品,,
S10-G2000,受注製品,,
S10-GBLK805-3,受注製品,,
S10-GBLU660-3,受注製品,,
S10-GBLU680-3,受注製品,,
S10-GE-650,受注製品,,
S10-GGRE403-3,受注製品,,
S10-GMAG111-3,受注製品,,
S10-GRED101-3,受注製品,,
S10-GRED105-3,受注製品,,
S10-GVIO701-3,受注製品,,
S10-GWHT050-3,受注製品,,
S10-GYEL306-3,受注製品,,
S10-HBLK803,受注製品,,
S10-HBLK803-15,受注製品,,
S10-HBLK803-3,受注製品,,
S10-HBLK805,受注製品,,
S10-HBLK805-15,受注製品,,
S10-HBLK805-3,受注製品,,
S10-HBLU651-3,受注製品,,
S10-HBLU663-3,受注製品,,
S10-HBLU680-15,受注製品,,
S10-HBLU680-15-EX,受注製品,,
S10-HBLU680-3,受注製品,,
S10-HBLU680-EX,受注製品,,
S10-HBLUE651-3,受注製品,,
S10-HBLUE663-3,受注製品,,
S10-HBRW503,受注製品,,
S10-HBRW503-15,受注製品,,
S10-HBRW503-3,受注製品,,
S10-HBRW504,受注製品,,
S10-HBRW504-15,受注製品,,
S10-HBRW504-3,受注製品,,
S10-HGRE402-3,受注製品,,
S10-HGRE403-3,受注製品,,
S10-HMAG111-15,受注製品,,
S10-HMAG111-3,受注製品,,
S10-HORA201-15,受注製品,,
S10-HORA201-3,受注製品,,
S10-HRED101-15,受注製品,,
S10-HRED101-3,受注製品,,
S10-HRED105,受注製品,,
S10-HRED105-15,受注製品,,
S10-HRED105-3,受注製品,,
S10-HRED152,受注製品,,
S10-HRED152-15,受注製品,,
S10-HRED152-3,受注製品,,
S10-HVIO701-15,受注製品,,
S10-HVIO701-3,受注製品,,
S10-HWHT050-3,受注製品,,
S10-HYEL302-15,受注製品,,
S10-HYEL302-3,受注製品,,
S10-HYEL306-3,受注製品,,
S10-HYEL375,受注製品,,
S10-HYEL375-15,受注製品,,
S10-HYEL375-3,受注製品,,
S10-KBT025BG-T,受注製品,,
S10-KBT025MB-T,受注製品,,
S10-KS042BLK91-EX,受注製品,,
S10-KS042WHT01-EX,受注製品,,
S10-NP140T,受注製品,,
S10-NP140V,受注製品,,
S10-P2,受注製品,,
S10-P2-1,受注製品,,
S10-P2-4,受注製品,,
S10-P2-4-EX,受注製品,,
S10-P2-EX,受注製品,,
S10-P2-R-EX,受注製品,,
S10-P2Y,受注製品,,
S10-P2Y-EX,受注製品,,
S10-R140,受注製品,,
S10-SAMPLE,受注製品,,
S10-SIRIKON-1-PM,受注製品,,
S10-SIRIKON-4-PM,受注製品,,
S10-SIRIKON-PM,受注製品,,
S10-SIRIKON-PM-EX,受注製品,,
S10-SN-P,受注製品,,
S10-T100,受注製品,,
S10-T17P2,受注製品,,
S10-T17P2-4,受注製品,,
S10-TA10P5,受注製品,,
S10-TA10P5-3-EX,受注製品,,
S10-TA10P5-4,受注製品,,
S10-TEA,受注製品,,
S10-TPL3529,受注製品,,
S10-TR-7,受注製品,,
S10-TR-7-15,受注製品,,
S10-ZBLK805,受注製品,,
S10-ZBLK805-15,受注製品,,
S10-ZBLK805-3,受注製品,,
S10-ZBLK807,受注製品,,
S10-ZBLK807-15,受注製品,,
S10-ZBLK807-3,受注製品,,
S10-ZBLK808-3,受注製品,,
S10-ZBLK808-3-EX,受注製品,,
S10-ZBLK9800-3-EX,受注製品,,
S10-ZBLU655-3,受注製品,,
S10-ZBRW503,受注製品,,
S10-ZBRW503-15,受注製品,,
S10-ZBRW503-3,受注製品,,
S10-ZBRW9504,受注製品,,
S10-ZBRW9504-3,受注製品,,
S10-ZORA201,受注製品,,
S10-ZORA201-15,受注製品,,
S10-ZORA201-3,受注製品,,
S10-ZRED101-3,受注製品,,
S10-ZRED122,受注製品,,
S10-ZRED122-15,受注製品,,
S10-ZRED122-3,受注製品,,
S10-ZYEL306-3,受注製品,,
S10-ZYEL308,受注製品,,
S10-ZYEL308-15,受注製品,,
S10-ZYEL308-3,受注製品,,
S10-ZYEL9310-3,受注製品,,
S9-URP-TH-EX,受注製品,,
S9-UR800-TH,見込み製品,,
S9-UL200-L-EX,受注製品,,
S9-UL200-L,受注製品,,
S9-UL110-TH-EX,受注,,
S9-UL110-L,見込み製品,,
S9-UL110-1-L,,,
S9-UL100-L-EX,受注製品,,
S9-UL100-L,見込み製品,,
S9-U390-TH,見込み製品,,
S9-U360-TH,受注製品,,
S9-U345-TH-EX,受注製品,,
S9-U345-TH,受注製品,,
S9-U345-1-TH,,,
S9-U342-TH-EX,受注製品,,
S9-U342-TH,見込み製品,,
S9-U341-TH,受注製品,,
S9-U340-TH,受注製品,,
S9-U340-4-TH,受注製品,,
S9-U330-TH-R-EX,受注製品,,
S9-U330-TH-EX,受注製品,,
S9-U330-TH-4-EX,受注製品,,
S9-U330-TH-4-EX,受注製品,,
S9-U330-TH,見込み製品,,
S9-U330-4-TH,,,
S9-U330-1-TH,,,
S9-U320-TH-EX,受注製品,,
S9-U320-TH,見込み製品,,
S9-U320-4-TH,受注製品,,
S9-U320-1-TH,,,
S9-U310-TH,,,
S9-U210-TH,,,
S9-U200-TH-EX,受注製品,,
S9-U200-TH,見込み製品,,
S9-U120-TH,,,
S9-U110-TH,,,
S9-U100-TH-EX,受注製品,,
S9-U100-TH,見込み製品,,
S9-TL420-L,,,
S9-TL410-L,見込み製品,,
S9-TL400-L-EX,受注製品,,
S9-TL400-L,見込み製品,,
S9-T440-TH,受注製品,,
S9-T440-TH,受注製品,,
S9-T430-TH,受注製品,,
S9-T410-TH,受注製品,,
S9-T400-TH,受注製品,,
S9-SV3800TH-EX,受注製品,,
S9-SV3800-TH-1,,,
S9-SV3800-TH,受注,,
S9-SV3800-1-TH,,,
S9-SU930-TH-EX,受注製品,,
S9-SU930-TH,受注製品,,
S9-SU930-3-TH-EX,受注製品,,
S9-SU930-1-TH,,,
S9-STUPH-TH-EX,受注製品,,
S9-STH350-TH-EX,受注製品,,
S9-STH350-TH,受注製品,,
S9-PR-SK-TH,,,
S9-PRAS-TH-EX,受注,,
S9-PR-A-S-TH,受注製品,,
S9-PR-A-S-4-TH,受注製品,,
S9-K560-TH-EX,受注製品,,
S9-K560TH-4-EX,受注製品,,
S9-GH200-TH,受注製品,,
S9-C710-TH,受注製品,,
S9-C700-TH,受注製品,,
S9-AL910-L,,,
S9-AL910-4-L,,,
S9-A820-TH,見込み製品,,
S9-A820-1-TH,,,
S9-3600S-TH,受注製品,,
S9-3300-TH,受注製品,,
S8-KU5-U,受注製品,,
S8-KD-BRW,受注製品,,
S8-EE1S-CL,受注製品,,
S8-EE1S73-CL,受注製品,,
S8-5100M-CL,見込み製品,,
S8-5100M-4-CL,,,
S8-5100-CL,見込み製品,,
S8-5100-4-CL,,,
S8-3300M-CL,受注製品,,
S8-3300M-CL,受注製品,,
S8-3300-CL,受注製品,,
S7-X-M,受注製品,,
S7-TM50-4-M,受注製品,,
S7-TM400-M-EX,受注製品,,
S7-TM400-M,受注製品,,
S7-TM300-M,受注製品,,
S7-TM300-1-M,,,
S7-TDM1-M,見込み製品,,
S7-TDM10-M,見込み製品,,
S7-STM40T4-M,受注製品,,
S7-STM40T4-1-M,,,
S7-STM40T3-1-M,,,
S7-STM40T2-M,見込み製品,,
S7-STM40T2-1-M,,,
S7-STM40T1-TH-R-EX,受注製品,,
S7-STM40T1-TH-EX,受注製品,,
S7-STM40T1-MT-EX,受注製品,,
S7-STM40T1-M,受注製品,,
S7-STM40T1-CL-R-EX,受注製品,,
S7-STM40T1-CL-EX,受注製品,,
S7-STM40T1-1-M,,,
S7-STM3-TH-EX,受注製品,,
S7-STM3-MT-EX,受注製品,,
S7-STM3-M,見込み製品,,
S7-STM3-CL-EX,受注製品,,
S7-STM3-4-MT-EX,受注製品,,
S7-STM3-4-M,,,
S7-STM3-3-CL-EX,受注製品,,
S7-STM3-1-M,,,
S7-STM30T2L-M,見込み製品,,
S7-STM30T2L-1-M,,,
S7-STM30T2-CL-EX,受注製品,,
S7-STM30T2CH-CL-EX,受注製品,,
S7-STM30T1-TH-R-EX,受注製品,,
S7-STM30T1-TH-EX,受注製品,,
S7-STM30T1-MT-EX,受注製品,,
S7-STM30T1-M-EX,受注製品,,
S7-STM30T1-M,受注製品,,
S7-STM30T1-CL-R-EX,受注製品,,
S7-STM30T1-CL-EX,受注製品,,
S7-STM30T1CH-TH-EX,受注製品,,
S7-STM30T1-4-M-EX,,,
S7-STM30T1-1-M,,,
S7-STM2-M-EX,受注製品,,
S7-STM2-M,見込み製品,,
S7-STM2-CL-EX,受注製品,,
S7-STM2-3-CL-EX,受注製品,,
S7-STM2-1-M,,,
S7-STM1-TH-EX,受注製品,,
S7-STM1N-CL-EX,受注製品,,
S7-STM1N-3-CL-EX,受注製品,,
S7-STM1-MT-EX,受注製品,,
S7-STM1-MT-4,受注製品,,
S7-STM1-M-EX,受注製品,,
S7-STM1-M,見込み製品,,
S7-STM1-4-MT-EX,受注製品,,
S7-STM1-1-M,,,
S7-STM10-TH-EX,受注製品,,
S7-STM10T2-M,受注製品,,
S7-STM10T2-1-M,,,
S7-STM10-MT-EX,受注製品,,
S7-STM10-M,見込み製品,,
S7-STM10-CL-EX,受注製品,,
S7-STM10CH-TH-EX,受注製品,,
S7-STM10CH-CL-EX,受注製品,,
S7-STM10-1-M,,,
S7-PRSKB-M-EX,受注製品,,
S7-PRSKB-M,受注製品,,
S7-PRSKB-1-M,受注製品,,
S7-PRSKA-CL-EX,受注製品,,
S7-PRSKA-CL,受注製品,,
S7-PRSKA-4-CL,受注製品,,
S7-PRAK-M-EX,受注製品,,
S7-PRAK-M,受注製品,,
S7-PRAKB-M-EX,受注製品,,
S7-PRAKA-CL-EX,受注製品,,
S7-IK55-M-EX,受注製品,,
S7-IK5510-M-EX,受注製品,,
S7-IK50-M,見込み製品,,
S7-IK50-4-M,受注製品,,
S7-IK35-M,,,
S7-E-M,受注製品,,
S7-E-4-M,受注製品,,
S7-C-M-EX,受注製品,,
S7-C-M,受注製品,,
S7-B-M-EX,受注製品,,
S7-B-M,受注製品,,
S7-B-4-M,受注製品,,
S7-A-M18-EX,受注製品,,
S7-A-M17-EX,受注製品,,
S7-A-M,受注製品,,
S7-A-4-M,受注製品,,
S6-UVZ01-U,受注製品,,
S6-UVXK08-U,受注製品,,
S6-UVXK02-U,見込み製品,,
S6-UVXK02B-U-EX,,,
S6-UVXK02A-U-EX,,,
S6-UVT15-T,受注製品,,
S6-UVT06-T,見込み製品,,
S6-UVT05-T,見込み製品,,
S6-UVPP70-U,受注製品,,
S6-UVPP3B-U,見込み製品,,
S6-UVPP3A-U,見込み製品,,
S6-UVFJ8-U,受注製品,,
S6-UV906-U,受注製品,,
S6-UV906B-U-EX,受注製品,,
S6-UV906A-U-EX,受注製品,,
S6-UV901-U,受注製品,,
S6-UV87-U,受注製品,,
S6-UV87TNK-4.1,,,
S6-UV87TNK,受注製品,,
S6-UV700-U,受注製品,,
S6-UV682-T,受注製品,,
S6-UV600-U,受注製品,,
S6-UV582-T,受注製品,,
S6-UV542VP-U-R-EX,受注製品,,
S6-UV542-U,見込み製品,,
S6-UV542TU-U,受注製品,,
S6-UV542S-U,受注製品,,
S6-UV542BB-U,受注製品,,
S6-UV542BBB-U-EX,受注製品,,
S6-UV542BBA-U-EX,受注製品,,
S6-UV542-4-U,,,
S6-UV542-1-U,,,
S6-UV505K2B-U-EX,受注製品,,
S6-UV505K2A-U-EX,受注製品,,
S6-UV505B-U-EX,受注製品,,
S6-UV505A-U-EX,受注製品,,
S6-UV482-T,受注製品,,
S6-UV471-U,受注製品,,
S6-UV455-U,受注製品,,
S6-UV422-U,受注製品,,
S6-UV422-1-U,,,
S6-UV405B-U-EX,受注製品,,
S6-UV405A-U-EX,受注製品,,
S6-UV382V-T,見込み製品,,
S6-UV382-T-EX,受注製品,,
S6-UV382-T,見込み製品,,
S6-UV382K-T,見込み製品,,
S6-UV382K-4-T,,,
S6-UV382FF-T,受注製品,,
S6-UV382FFS-T,受注製品,,
S6-UV382-4-T,受注製品,,
S6-UV361-U-EX,受注製品,,
S6-UV361-U,見込み製品,,
S6-UV361T5-U,見込み製品,,
S6-UV361HNV-U,受注製品,,
S6-UV361CJ-U,受注製品,,
S6-UV361B-U-EX,受注製品,,
S6-UV361A-U-EX,受注製品,,
S6-UV361-4-U,受注製品,,
S6-UV35-U,受注製品,,
S6-UV35K3-U,見込み製品,,
S6-UV355-U,名称変更,,
S6-UV305-U,受注製品,,
S6-UV272-U,受注製品,,
S6-UV270V-U,見込み製品,,
S6-UV270-U,見込み製品,,
S6-UV270S-U,受注製品,,
S6-UV270M-U,見込み製品,,
S6-UV270MTK-U,受注製品,,
S6-UV270-4-U,受注製品,,
S6-UV253-U-EX,受注製品,,
S6-UV253-U,見込み製品,,
S6-UV253-1-U,受注製品,,
S6-UV23TNK-EX,受注製品,,
S6-UV23TNK-240,見込み製品,,
S6-UV23TNK,見込み製品,,
S6-UV23R-U-EX,受注製品,,
S6-UV23R-U,見込み製品,,
S6-UV23R-4-U,見込み製品,,
S6-UV2300-U,受注製品,,
S6-UV2300-4-U,受注製品,,
S6-UV221-U,受注製品,,
S6-UV221K3-U,受注製品,,
S6-UV221K3-1-U,受注製品,,
S6-UV221-1-U,受注製品,,
S6-UV200-U-EX,受注製品,,
S6-SVPETR-U,受注製品,,
S6-SV-PET-C-U,受注製品,,
S6-SVPETC-U,受注製品,,
S6-SVBMC-U,受注製品,,
S6-SV9000B-U-EX,受注製品,,
S6-SV9000B-1-U-EX,受注製品,,
S6-SV9000A-U-EX,受注製品,,
S6-SV9000A-1-U-EX,受注製品,,
S6-SV6000-U,見込み製品,,
S6-SV5000-U,受注製品,,
S6-SV5000K-U,受注製品,,
S6-SV4500-U,受注製品,,
S6-SV450036-U,見込み製品,,
S6-SV40HV-U,受注製品,,
S6-SV40HV-1-U,,,
S6-SV38LC-U,,,
S6-SV3800-U,見込み製品,,
S6-SV3800L-U,見込み製品,,
S6-SV3800LHR-U,見込み製品,,
S6-SV3800LHRB-U-EX,受注製品,,
S6-SV3800LHRA-U-EX,受注製品,,
S6-SV3800LHR-1-U,,,
S6-SV3800LB-U-EX,受注製品,,
S6-SV3800LA-U-EX,受注製品,,
S6-SV3800L-1-U,,,
S6-SV3800B-U-EX,受注製品,,
S6-SV3800A-U-EX,受注製品,,
S6-SV3800-1-U,,,
S6-SV3700-U,,,
S6-SV3700-1-U,,,
S6-SV35002-U,,,
S6-SV35002R-U,,,
S6-SV35002K-U,,,
S6-SV35002K-1-U,,,
S6-SV3500-2B-U-EX,,,
S6-SV3500-2A-U-EX,,,
S6-SV35002-5050-U,,,
S6-SV35002-5050-1-U,,,
S6-SV3400-U,,,
S6-SV3400B-U-EX,受注製品,,
S6-SV3400A-U-EX,受注製品,,
S6-SV3400-1-U,,,
S6-RTS04-U,受注製品,,
S6-RTS03-U,,,
S6-RTS01-U,,,
S6-RTS01SZ-U,受注製品,,
S6-RTS01S3-U,受注製品,,
S6-RC20-U,受注製品,,
S6-MB20K2-U,受注製品,,
S6-M842-U,受注製品,,
S6-KV38-U,見込み製品,,
S6-KNB01-U,見込み製品,,
S6-CH5202-U,受注製品,,
S6-CH4019-U,受注製品,,
S6-CH3019-U,受注製品,,
S6-CH3019-4-U,,,
S5-RT48-T-EX,,,
S5-RT48-T,見込み製品,,
S5-RT48-4-T,受注製品,,
S5-RT45-T-EX,受注製品,,
S5-RT45-T,見込み製品,,
S5-RT45-1-T,,,
S5-RT45-15-T-EX,受注製品,,
S5-RT400-T,受注製品,,
S5-RT4002-T-EX,,,
S5-RT4002-T,受注製品,,
S5-RT400-1-T,,,
S5-RT35M-T-EX,,,
S5-RT35M-T,見込み製品,,
S5-RT35M-1-T,,,
S5-RT326-T,受注製品,,
S5-RT320V-T-R-EX,受注製品,,
S5-RT320-T-R-EX,受注製品,,
S5-RT320-T-EX,受注製品,,
S5-RT320-T,受注製品,,
S5-RT320HNVBLU-T,受注製品,,
S5-RT320-1-T,,,
S5-RT240R-T-R-EX,受注製品,,
S5-RT240R-T-R,,,
S5-RT240R-T-EX,受注製品,,
S5-RT240R-T,見込み製品,,
S5-RT240R-4-T-EX,,,
S5-RT240R-4-T,,,
S5-RT240R-1-T,,,
S5-RT240R-14-T-EX,受注製品,,
S5-RT186-T-EX,受注製品,,
S5-RT186-T,受注製品,,
S5-RT186BL5-T-EX,受注製品,,
S5-RT186BL5-T,受注製品,,
S5-RT186BL15-T,受注製品,,
S5-RT186-4-T,受注製品,,
S5-RT186-15-T-EX,受注製品,,
S5-RT175K-T-EX,受注製品,,
S5-RT175K-T,受注製品,,
S5-RT175KSM-T,受注製品,,
S5-RT160-T-EX,受注製品,,
S5-RT160-T,見込み製品,,
S5-RT160HNV-T,見込み製品,,
S5-RT160HNVBL-4-T,受注製品,,
S5-RT160HNVBL125-4-T,受注製品,,
S5-RT160HNVBL07-T,受注製品,,
S5-RT160HNVBL07-4-T,受注製品,,
S5-RT160HNV-1-T,,,
S5-RT160-4-T,受注製品,,
S5-RT140-T-EX,受注製品,,
S5-RT140-T,見込み製品,,
S5-RT130-T-EX,受注製品,,
S5-RT130-T,見込み製品,,
S5-FK2K-T-EX,受注製品,,
S5-FK2KBL-T-EX,受注製品,,
S5-FK2KBL-T,受注製品,,
S5-FK2KBL3-17-T-EX,受注製品,,
S5-FK2KBL30-T-EX,受注製品,,
S5-FK2KBL-15-T,受注製品,,
S5-FK2KBL05-T-EX,受注製品,,
S5-FK2KBL05-T,受注製品,,
S5-FK2KBL02-T,受注製品,,
S5-FK2K1-T-EX,受注製品,,
S5-FK2K1-T,見込み製品,,
S5-593P-T-EX,受注製品,,
S5-593P-T,受注製品,,
S4-URPB-U-R-EX,受注製品,,
S4-URPB-U-EX,受注製品,,
S4-URPB-U,見込み製品,,
S4-URPA-U-R-EX,受注製品,,
S4-URPA-U-EX,受注製品,,
S4-URPA-U,見込み製品,,
S4-UR800B-U,見込み製品,,
S4-UR800B-4-U,受注製品,,
S4-UR800A-U,見込み製品,,
S4-SU930B-U-EX,受注製品,,
S4-SU930B-U,受注製品,,
S4-SU930B-3-U-EX,受注製品,,
S4-SU930B-1-U,,,
S4-SU930A-U-EX,受注製品,,
S4-SU930A-U,受注製品,,
S4-SU930A-3-U-EX,受注製品,,
S4-SU930A-1-U,,,
S4-SU100HB-U-R-EX,受注製品,,
S4-SU100HB-U-EX,受注製品,,
S4-SU100HB-U,受注製品,,
S4-SU100HB-1-U,,,
S4-SU100HA2-U-R-EX,受注製品,,
S4-SU100HA2-U-EX,受注製品,,
S4-SU100HA2-U,受注製品,,
S4-SU100HA2-1-U,,,
S4-SU100B-U-EX,受注製品,,
S4-SU100A-U-EX,受注製品,,
S4-STUPHB-U-EX,受注製品,,
S4-STUPHB-U,受注製品,,
S4-STUPHA-U-EX,受注製品,,
S4-STUPHA-U,受注製品,,
S4-STR80B-U-EX,受注製品,,
S4-STR80B-U,見込み製品,,
S4-STR80B-3-U-EX,受注製品,,
S4-STR80B-1-U,,,
S4-STR80A-U-EX,受注製品,,
S4-STR80A-U,見込み製品,,
S4-STR80A-3-U-EX,受注製品,,
S4-STR80A-1-U,,,
S4-SR001B-U-EX,受注製品,,
S4-SR001B-U,受注製品,,
S4-SR001B-1-U,,,
S4-SR001A-U-EX,受注製品,,
S4-SR001A-U,受注製品,,
S4-SR001A-1-U,,,
S4-PPR82C-U,受注製品,,
S4-PPR82B-U-EX,受注製品,,
S4-PPR82B-U,受注製品,,
S4-PPR82A-U-EX,受注製品,,
S4-PPR82A-U,受注製品,,
S4-PPR82-3C-U-EX,受注製品,,
S4-PPR82-3C-U,受注製品,,
S4-PPR82-3B-U-EX,受注製品,,
S4-PPR82-3B-U,受注製品,,
S4-PPR82-3A-U-EX,受注製品,,
S4-PPR82-3A-U,受注製品,,
S4-PP653C-U-EX,受注製品,,
S4-PP653B-U-EX,受注製品,,
S4-PP653A-U-EX,受注製品,,
S4-PP553KC-U,受注製品,,
S4-PP553KB-U,受注製品,,
S4-PP553KA-U,受注製品,,
S4-PP553-3C-U,見込み製品,,
S4-PP553-3B-U,見込み製品,,
S4-PP553-3A-U,見込み製品,,
S4-PL037B-U,受注製品,,
S4-PL037A-U,受注製品,,
S4-KS042B-U-EX,受注製品,,
S4-KS042B-U,受注製品,,
S4-KS042A-U-EX,受注製品,,
S4-KS042A-U,受注製品,,
S4-KS021B-U,,,
S4-KS021A-U,,,
S4-K706WHA-U,,,
S4-K706GRNA-U,受注製品,,
S4-K706GRC-U-EX,受注製品,,
S4-K706GRC-U,受注製品,,
S4-K706GRB-U-EX,受注製品,,
S4-K706GRB-U,受注製品,,
S4-K706GRA-U-EX,受注製品,,
S4-K706GRA-U,受注製品,,
S4-K706CLKC-U-EX,受注製品,,
S4-K706CLKC-U,受注製品,,
S4-K706CLKC-4-U,受注製品,,
S4-K706CLKC-3-U-EX,受注製品,,
S4-K706CLKB-U-EX,受注製品,,
S4-K706CLKB-U,受注製品,,
S4-K706CLKA-U-EX,受注製品,,
S4-K706CLKA-U,受注製品,,
S4-K706CLKA-3-U-EX,受注製品,,
S4-K706CLK2A-U,受注製品,,
S4-K706CLC-U-EX,受注製品,,
S4-K706CLC-U,受注製品,,
S4-K706CLC-4-U,受注製品,,
S4-K706CLC-3-U-EX,受注製品,,
S4-K706CLB-U-EX,受注製品,,
S4-K706CLB-U,受注製品,,
S4-K706CLA-U-EX,受注製品,,
S4-K706CLA-U,受注製品,,
S4-K706CLA-3-U-EX,受注製品,,
S4-K560B-U-R-EX,受注製品,,
S4-K560B-U-EX,受注製品,,
S4-K560B-U,見込み製品,,
S4-K560B-4-U-EX,,,
S4-K560B-4-U,受注製品,,
S4-K560A-U-R-EX,受注製品,,
S4-K560A-U-EX,受注製品,,
S4-K560A-U,見込み製品,,
S4-K560A-4-U-EX,受注製品,,
S4-IKS001B-U-EX,受注製品,,
S4-DPU42B-U,受注製品,,
S4-DPU42A-U,受注製品,,
S4-BS421B-U-EX,受注製品,,
S4-BS421B-U,見込み製品,,
S4-BS421B-4-U,受注製品,,
S4-BS421B-1-U,,,
S4-BS421A-U-EX,受注製品,,
S4-BS421A-U,見込み製品,,
S4-BS421A-4-U,受注製品,,
S4-BS421A-1-U,,,
S4-AS521B-U,受注製品,,
S4-AASB-U-EX,受注製品,,
S4-AASB-U,見込み製品,,
S4-AASA-U-EX,受注製品,,
S4-AASA-U,見込み製品,,
S3-STR120-U-R-EX,受注製品,,
S3-STR120-U-EX,受注製品,,
S3-STR120-U,見込み製品,,
S3-STR120-3-U-EX,受注製品,,
S3-STR120-1-U,,,
S3-STH501M-U-EX,受注製品,,
S3-STH501M-U,受注製品,,
S3-STH501M-TNK,受注製品,,
S3-STH501M-1-U,,,
S3-STH380UB-U-EX,受注製品,,
S3-STH380UA-U-EX,受注製品,,
S3-STH380M-U,受注製品,,
S3-STH380M-1-U,,,
S3-STH380B-U-EX,受注製品,,
S3-STH380A-U-EX,受注製品,,
S3-STH350NA-U-EX,受注製品,,
S3-STH350M-U,見込み製品,,
S3-STH350M-1-U,,,
S3-STH350CHA-U-EX,受注製品,,
S3-STH350B-U-EX,受注製品,,
S3-STH350A-U-EX,受注製品,,
S3-STH350A-14-U-EX,受注製品,,
S3-SGR41B-U,受注製品,,
S3-SGR41A-U,受注製品,,
S3-N404-U,,,
S3-N404K2-U-EX,受注製品,,
S3-N404K2-U-15-EX,受注製品,,
S3-N404K2-U,受注製品,,
S3-N404K2B-U-EX,受注製品,,
S3-N404K2A-U-EX,受注製品,,
S3-KT3-TH,受注製品,,
S3-KT3C-U-EX,受注製品,,
S3-KT3B-U-EX,受注製品,,
S3-KT3B-U,受注製品,,
S3-KT3A-U-EX,受注製品,,
S3-KT3A-U,受注製品,,
S3-FK13SKB-U-EX,受注製品,,
S3-FK13SKB-U,受注製品,,
S3-FK13SKA-U-EX,受注製品,,
S3-FK13SKA-U,受注製品,,
S3-FK13SB-U-EX,受注製品,,
S3-FK13SA-U-EX,受注製品,,
S3-FK13S1-U-EX,受注製品,,
S3-FK13S1-U,受注製品,,
S3-FG4000-U-EX,,,
S3-FG4000-U,,,
S3-FG3000-U-EX,,,
S3-FG3000-U,見込み製品,,
S3-FG3000-4-U,受注製品,,
S3-FG3000-1-U,,,
S3-BP90-U-EX,受注製品,,
S3-BP80B-U-EX,受注製品,,
S3-BP80A-U-EX,受注製品,,
S3-BP60B-U-EX,受注製品,,
S3-BP60A-U-EX,受注製品,,
S3-BP50-U-EX,受注製品,,
S3-BP50-U,見込み製品,,
S3-BP50-4-U,受注製品,,
S2-UT2B-T,受注製品,,
S2-UT2B-T,受注製品,,
S2-UT2A-T,受注製品,,
S2-UT2A-T,受注製品,,
S2-UT210N-T,見込み製品,,
S2-UT210N-T,受注製品,,
S2-UT210N-T,受注製品,,
S2-UT210N-4-T,受注製品,,
S2-UT210N-4-T,受注製品,,
S2-UT210A-T,受注製品,,
S2-UT210A-T,受注製品,,
S2-UT210A-T,受注製品,,
S2-ST32-T-EX,受注製品,,
S2-ST32-T-EX,受注製品,,
S2-ST32-T-EX,受注製品,,
S2-ST32-T,見込み製品,,
S2-ST32-T,受注製品,,
S2-ST32-T,受注製品,,
S2-ST32NPA-T,受注製品,,
S2-ST32NPA-T,受注製品,,
S2-ST32NPA-T,受注製品,,
S2-ST32HNV-T-EX,受注製品,,
S2-ST32HNV-T-EX,受注製品,,
S2-ST32HNV-T-EX,受注製品,,
S2-ST32HNV-T,受注製品,,
S2-ST32HNV-T,受注製品,,
S2-ST32HC-T,受注製品,,
S2-ST32DS3-T,受注製品,,
S2-ST32ASK-T,受注製品,,
S2-ST32-4-T,受注製品,,
S2-ST20-T,受注製品,,
S2-ST18-T,見込み製品,,
S2-ST18-T,受注製品,,
S2-ST18L-4-T,見込み製品,,
S2-ST18L-4-T,受注製品,,
S2-ST10-T,見込み製品,,
S2-ST10-T,受注製品,,
S2-ST10-4-T,受注製品,,
S2-SENRY-YEL-LQ,受注製品,,
S2-SENRY-YEL,受注製品,,
S2-SENRY-VIO-43,受注製品,,
S2-SENRY-VIO,受注製品,,
S2-SENRY-UV382CHR-61,受注製品,,
S2-SENRY-UT2G,受注製品,,
S2-SENRY-ST32G-D916,受注製品,,
S2-SENRY-RHS-09,受注製品,,
S2-SENRY-RHS,,,
S2-SENRY-RED-LQ,受注製品,,
S2-SENRY-RED4,受注製品,,
S2-SENRY-RED,受注製品,,
S2-SENRY-PNK,受注製品,,
S2-SENRY-ORG-LQ,受注製品,,
S2-SENRY-ORA-LQ,受注製品,,
S2-SENRY-ORA,受注製品,,
S2-SENRY-BRW,受注製品,,
S2-SENRY-BLU-LQ,受注製品,,
S2-SENRY-BLU,受注製品,,
S2-SENRY-BLK,受注製品,,
S2-SENRY-3-YEL,受注製品,,
S2-SENRY-3-RHS,,,
S2-SENRY-3-RED-LQ,受注製品,,
S2-SENRY-3-REDBE4,受注製品,,
S2-SENRY-3-RED,受注製品,,
S2-SENRY-3-PNK,受注製品,,
S2-SENRY-3-ORA,受注製品,,
S2-SENRY-3-BRW,受注製品,,
S2-SENRY-3-BLU-LQ,受注製品,,
S2-SENRY-3-BLU,受注製品,,
S2-SENRY-3-BLK-LQ,受注製品,,
S2-SENRY-3-BLK,受注製品,,
S2-SENRY-1-PNK,受注製品,,
S2-SENRY-1-ORA,受注製品,,
S2-SENRY-1-BLU,受注製品,,
S2-SENRY-1-BLK-LQ,受注製品,,
S2-SENRY-14-YEL,受注製品,,
S2-SENRY-14-RHS,,,
S2-SENRY-14-RED,受注製品,,
S2-SENRY-14-PNK,受注製品,,
S2-SENRY-14-ORA,受注製品,,
S2-SENRY-14-BLU,受注製品,,
S2-SENRY-14-BLK,受注製品,,
S2-HSG11,受注製品,,
S2-HBLU72M20,受注製品,,
S2-HBLU72M20,受注製品,,
S1-X80N-U,見込み製品,,
S1-X80N-4-U,,,
S1-X79N-U,見込み製品,,
S1-X79N-4-U,,,
S1-PP44-U,見込み製品,,
S1-PP33-U,見込み製品,,
S1-PP33-1K-U,受注製品,,
S1-PCS3000-U,受注製品,,
S1-PC2000-U-EX,受注製品,,
S1-PC2000-U,見込み製品,,
S1-PC2000N30-U,見込み製品,,
S1-PC2000-4-U,受注製品,,
S1-K164N-U-EX,受注製品,,
S1-K164N-U,見込み製品,,
S1-K150N-U,見込み製品,,
S1-K150NSUM-U,受注製品,,
S1-FPA3-U-EX,受注製品,,
S1-FPA3-U,見込み製品,,
S1-FPA3TK-U-EX,受注製品,,
S1-AS-CL,見込み製品,,
S1-AS87N-U,見込み製品,,
S1-AS87N-4-U,見込み製品,,
S1-AS83-U,受注製品,,
S1-AS7TK-U-EX,受注製品,,
S1-AS7TK-U,見込み製品,,
S1-AS5TK-U-EX,受注製品,,
S1-AS5TK-U,見込み製品,,
S1-AS5-CL-EX,受注製品,,
S1-AS5-CL,見込み製品,,
S15-UV382RED-70,受注製品,,
S15-UV382RED-67,受注製品,,
S15-UV382G-U1,受注製品,,
S15-UV382G-F22,受注製品,,
S15-UV382CHR-64TK,受注製品,,
S15-UV382CHR-61,受注製品,,
S15-UV382CHR-59,受注製品,,
S15-UV382BRW-125,受注製品,,
S15-UT210N-VIO-44,受注製品,,
S15-UT210N-RED-75,受注製品,,
S15-UT210N-RED-74,受注製品,,
S15-UT210N-RED-73,受注製品,,
S15-UT210N-RED-65,受注製品,,
S15-UT210N-PNK-47,受注製品,,
S15-UT210N-PNK-44,受注製品,,
S15-UT210N-GRE-106,受注製品,,
S15-UT210NG-N79,受注製品,,
S15-UT210NG-N78,受注製品,,
S15-UT210NG-N77,受注製品,,
S15-UT210NG-N76,受注製品,,
S15-UT210NG-N75,受注製品,,
S15-UT210NG-N74,受注製品,,
S15-UT210NG-N72,受注製品,,
S15-UT210NG-N71,受注製品,,
S15-UT210NG-N70,受注製品,,
S15-UT210NG-N69,受注製品,,
S15-UT210NG-N68TK,受注製品,,
S15-UT210NG-N67,受注製品,,
S15-UT210NG-N66TK,受注製品,,
S15-UT210NG-N65TK,受注製品,,
S15-UT210NG-N64,受注製品,,
S15-UT210NG-N63TK,受注製品,,
S15-UT210NG-N62TK,受注製品,,
S15-UT210NG-N61,受注製品,,
S15-UT210NG-N60,受注製品,,
S15-UT210NG-N59,受注製品,,
S15-UT210NG-N58TK,受注製品,,
S15-UT210NG-N-57,受注製品,,
S15-UT210NG-N57,受注製品,,
S15-UT210NG-N56,受注製品,,
S15-UT210NG-N55TK,受注製品,,
S15-UT210NG-N54TK,受注製品,,
S15-UT210NG-N53,受注製品,,
S15-UT210NG-N52,受注製品,,
S15-UT210NG-N51,受注製品,,
S15-UT210NG-N50,受注製品,,
S15-UT210NG-N49,受注製品,,
S15-UT210NG-N48,受注製品,,
S15-UT210NG-N47,受注製品,,
S15-UT210NG-N46,受注製品,,
S15-UT210NG-N45TK,受注製品,,
S15-UT210NG-N45,受注製品,,
S15-UT210NG-N44,受注製品,,
S15-UT210NG-N43,受注製品,,
S15-UT210NG-N42TK,受注製品,,
S15-UT210NG-N41,受注製品,,
S15-UT210NG-N40TK,受注製品,,
S15-UT210NG-N39TK,受注製品,,
S15-UT210NG-N38TK,受注製品,,
S15-UT210NG-N37,受注製品,,
S15-UT210NG-N36,受注製品,,
S15-UT210NG-N35,受注製品,,
S15-UT210NG-N34TK,受注製品,,
S15-UT210NG-N33,受注製品,,
S15-UT210NG-N32TK,受注製品,,
S15-UT210NG-N30,受注製品,,
S15-UT210NG-N29,受注製品,,
S15-UT210NG-N27,受注製品,,
S15-UT210NG-N26,受注製品,,
S15-UT210NG-N25,受注製品,,
S15-UT210NG-N24,受注製品,,
S15-UT210NG-N23,受注製品,,
S15-UT210NG-N22,受注製品,,
S15-UT210NG-N18,受注製品,,
S15-UT210NG-N12,受注製品,,
S15-UT210NG-N11,受注製品,,
S15-UT210NG-G2,受注製品,,
S15-UT210NG-G,受注製品,,
S15-UT210NG-F53,受注製品,,
S15-UT210NG-96,受注製品,,
S15-UT210NG-9,受注製品,,
S15-UT210NG-75,受注製品,,
S15-UT210NG-66,受注製品,,
S15-UT210NG-60,受注製品,,
S15-UT210NG-4-N73,受注製品,,
S15-UT210NG-4-N65TK,受注製品,,
S15-UT210NG-4-66,受注製品,,
S15-UT210NG-29,受注製品,,
S15-UT210NG-15-N45,受注製品,,
S15-UT210N-COP-57,受注製品,,
S15-UT210N-COP-52,受注製品,,
S15-UT210N-COP-50,受注製品,,
S15-UT210N-CHR-63,受注製品,,
S15-UT210N-CHR-60TK,受注製品,,
S15-UT210N-CHR-55,受注製品,,
S15-UT210N-CHR-42,受注製品,,
S15-UT210N-CHR-37,受注製品,,
S15-UT210N-CHR,受注製品,,
S15-UT210N-BRW-96,受注製品,,
S15-UT210N-BRW-84,受注製品,,
S15-UT210N-BRW-2,受注製品,,
S15-UT210N-BRW-141,受注製品,,
S15-UT210N-BRW-138TK,受注製品,,
S15-UT210N-BRW-131,受注製品,,
S15-UT210N-BRW-127,受注製品,,
S15-UT210N-BLK-91,受注製品,,
S15-UT210N-4-BRW-131,受注製品,,
S15-UT210AG-N12,受注製品,,
S15-UT210AG-G,受注製品,,
S15-UT210AG-A10,受注製品,,
S15-UT210AG-97,受注製品,,
S15-UT210AG-96,受注製品,,
S15-UT210AG-89,受注製品,,
S15-UT210AG-75,受注製品,,
S15-UT210AG-26,受注製品,,
S15-UT210AG-14,受注製品,,
S15-UT210A-CHR-47,受注製品,,
S15-UT210A-CHR,受注製品,,
S15-UT210A-BRW-84,受注製品,,
S15-UT210A-BRW-123TK,受注製品,,
S15-UT1210NG-N62TK,受注製品,,
S15-SY32BLU-4-88,受注製品,,
S15-ST32YEL-3,受注製品,,
S15-ST32VIO-RH,受注製品,,
S15-ST32VIO-54,受注製品,,
S15-ST32VIO-53,受注製品,,
S15-ST32VIO-52,受注製品,,
S15-ST32VIO-51,受注製品,,
S15-ST32VIO-50,受注製品,,
S15-ST32VIO-5,受注製品,,
S15-ST32VIO-4-RH,受注製品,,
S15-ST32VIO-49,受注製品,,
S15-ST32VIO-48,受注製品,,
S15-ST32VIO-46,受注製品,,
S15-ST32VIO-4-54,受注製品,,
S15-ST32VIO-45,受注製品,,
S15-ST32VIO-4-42,受注製品,,
S15-ST32VIO-4-34,受注製品,,
S15-ST32VIO-43,受注製品,,
S15-ST32VIO-42,受注製品,,
S15-ST32VIO-41,受注製品,,
S15-ST32VIO-40,受注製品,,
S15-ST32VIO-39,受注製品,,
S15-ST32VIO-38,受注製品,,
S15-ST32VIO-37,受注製品,,
S15-ST32VIO-36,受注製品,,
S15-ST32VIO-35,受注製品,,
S15-ST32VIO-32,受注製品,,
S15-ST32VIO-30,受注製品,,
S15-ST32VIO-25,受注製品,,
S15-ST32VIO-24,受注製品,,
S15-ST32VIO-21,受注製品,,
S15-ST32VIO-11,受注製品,,
S15-ST32RED-SA,受注製品,,
S15-ST32RED-FG2,受注製品,,
S15-ST32RED-78,受注製品,,
S15-ST32RED-77,受注製品,,
S15-ST32RED-76,受注製品,,
S15-ST32RED-75,受注製品,,
S15-ST32RED-72,受注製品,,
S15-ST32RED-71,受注製品,,
S15-ST32RED-69,受注製品,,
S15-ST32RED-68,受注製品,,
S15-ST32RED-66,受注製品,,
S15-ST32RED-64,受注製品,,
S15-ST32RED-63,受注製品,,
S15-ST32RED-61,受注製品,,
S15-ST32RED-60,受注製品,,
S15-ST32RED-59,受注製品,,
S15-ST32RED-58,受注製品,,
S15-ST32RED-57,受注製品,,
S15-ST32RED-56,受注製品,,
S15-ST32RED-55,受注製品,,
S15-ST32RED-54,受注製品,,
S15-ST32RED-53,受注製品,,
S15-ST32RED-52,受注製品,,
S15-ST32RED-51,受注製品,,
S15-ST32RED-50,受注製品,,
S15-ST32RED-49,受注製品,,
S15-ST32RED-48,受注製品,,
S15-ST32RED-4-71,受注製品,,
S15-ST32RED-47,受注製品,,
S15-ST32RED-46,受注製品,,
S15-ST32RED-4-57,受注製品,,
S15-ST32RED-45,受注製品,,
S15-ST32RED-4-43,受注製品,,
S15-ST32RED-44,受注製品,,
S15-ST32RED-43,受注製品,,
S15-ST32RED-42,受注製品,,
S15-ST32RED-40,受注製品,,
S15-ST32RED-39,受注製品,,
S15-ST32RED-37,受注製品,,
S15-ST32RED-35,受注製品,,
S15-ST32RED-34,受注製品,,
S15-ST32RED-20,受注製品,,
S15-ST32RED-18,受注製品,,
S15-ST32RED-11,受注製品,,
S15-ST32PNK-6,受注製品,,
S15-ST32PNK-46,受注製品,,
S15-ST32PNK-45,受注製品,,
S15-ST32PNK-4-33,受注製品,,
S15-ST32PNK-43,受注製品,,
S15-ST32PNK-4-24,受注製品,,
S15-ST32PNK-41,受注製品,,
S15-ST32PNK-40,受注製品,,
S15-ST32PNK-4,受注製品,,
S15-ST32PNK-39,受注製品,,
S15-ST32PNK-38,受注製品,,
S15-ST32PNK-37,受注製品,,
S15-ST32PNK-36,受注製品,,
S15-ST32PNK-35,受注製品,,
S15-ST32PNK-34,受注製品,,
S15-ST32PNK-33,受注製品,,
S15-ST32PNK-32,受注製品,,
S15-ST32PNK-31,受注製品,,
S15-ST32PNK-30,受注製品,,
S15-ST32PNK-29,受注製品,,
S15-ST32PNK-27,受注製品,,
S15-ST32PNK-24,受注製品,,
S15-ST32PNK-23,受注製品,,
S15-ST32PNK-22-4,受注製品,,
S15-ST32PNK-22,受注製品,,
S15-ST32PNK-18,受注製品,,
S15-ST32PNK-1,受注製品,,
S15-ST32PNK,受注製品,,
S15-ST32NPAG-B619,受注製品,,
S15-ST32NPABRW-122,受注製品,,
S15-ST32HNVG-X610,受注製品,,
S15-ST32HNVG-B208,受注製品,,
S15-ST32G-Z208TK,受注製品,,
S15-ST32G-Z202,受注製品,,
S15-ST32G-Z201,受注製品,,
S15-ST32G-Z20,受注製品,,
S15-ST32G-Z109,受注製品,,
S15-ST32G-Y56,受注製品,,
S15-ST32G-Y360,受注製品,,
S15-ST32G-Y15,受注製品,,
S15-ST32G-X703TK,受注製品,,
S15-ST32G-X703,受注製品,,
S15-ST32G-X610,受注製品,,
S15-ST32G-X320,受注製品,,
S15-ST32G-V907TK,受注製品,,
S15-ST32G-V607,受注製品,,
S15-ST32G-V603,受注製品,,
S15-ST32G-V308TK,受注製品,,
S15-ST32G-V214,受注製品,,
S15-ST32G-V013,受注製品,,
S15-ST32G-T5,受注製品,,
S15-ST32G-T3,受注製品,,
S15-ST32GRE-99,受注製品,,
S15-ST32GRE-98,受注製品,,
S15-ST32GRE-97,受注製品,,
S15-ST32GRE-96,受注製品,,
S15-ST32GRE-95,受注製品,,
S15-ST32GRE-94,受注製品,,
S15-ST32GRE-93,受注製品,,
S15-ST32GRE-92,受注製品,,
S15-ST32GRE-91,受注製品,,
S15-ST32GRE-90,受注製品,,
S15-ST32GRE-89,受注製品,,
S15-ST32GRE-88,受注製品,,
S15-ST32GRE-87,受注製品,,
S15-ST32GRE-86,受注製品,,
S15-ST32GRE-85,受注製品,,
S15-ST32GRE-78,受注製品,,
S15-ST32GRE-77,受注製品,,
S15-ST32GRE-71,受注製品,,
S15-ST32GRE-4-96,受注製品,,
S15-ST32GRE-41,受注製品,,
S15-ST32GRE-32,受注製品,,
S15-ST32GRE-23,受注製品,,
S15-ST32GRE-20,受注製品,,
S15-ST32GRE-12,受注製品,,
S15-ST32GRE-109,受注製品,,
S15-ST32GRE-108,受注製品,,
S15-ST32GRE-107,受注製品,,
S15-ST32GRE-105,受注製品,,
S15-ST32GRE-104,受注製品,,
S15-ST32GRE-103,受注製品,,
S15-ST32GRE-102,受注製品,,
S15-ST32GRE-101,受注製品,,
S15-ST32GRE-100,受注製品,,
S15-ST32G-M405,受注製品,,
S15-ST32G-J606TK,受注製品,,
S15-ST32G-J301,受注製品,,
S15-ST32G-H28,受注製品,,
S15-ST32G-H26-82,受注製品,,
S15-ST32G-H26,受注製品,,
S15-ST32G-H23,受注製品,,
S15-ST32G-G913,受注製品,,
S15-ST32G-G9,受注製品,,
S15-ST32G-G807,受注製品,,
S15-ST32G-G515,受注製品,,
S15-ST32G-G5,受注製品,,
S15-ST32G-G16,受注製品,,
S15-ST32G-G,受注製品,,
S15-ST32G-F916,受注製品,,
S15-ST32G-F809,受注製品,,
S15-ST32G-F608,受注製品,,
S15-ST32G-F410,受注製品,,
S15-ST32G-F216,受注製品,,
S15-ST32G-F206,受注製品,,
S15-ST32G-F205,受注製品,,
S15-ST32G-F116,受注製品,,
S15-ST32G-F110,受注製品,,
S15-ST32G-F013,受注製品,,
S15-ST32G-F007,受注製品,,
S15-ST32G-F006,受注製品,,
S15-ST32G-E913,受注製品,,
S15-ST32G-E813,受注製品,,
S15-ST32G-E809,受注製品,,
S15-ST32G-E608,受注製品,,
S15-ST32G-E508,受注製品,,
S15-ST32G-E416,受注製品,,
S15-ST32G-E316,受注製品,,
S15-ST32G-E213,受注製品,,
S15-ST32G-E209,受注製品,,
S15-ST32G-E207TK,受注製品,,
S15-ST32G-E207,受注製品,,
S15-ST32G-E115,受注製品,,
S15-ST32G-E114,受注製品,,
S15-ST32G-E014,受注製品,,
S15-ST32G-D916,受注製品,,
S15-ST32G-D910,受注製品,,
S15-ST32G-D908,受注製品,,
S15-ST32G-D816,受注製品,,
S15-ST32G-D813,受注製品,,
S15-ST32G-D511,受注製品,,
S15-ST32G-D413,受注製品,,
S15-ST32G-D317,受注製品,,
S15-ST32G-D315,受注製品,,
S15-ST32G-D313,受注製品,,
S15-ST32G-D312A,受注製品,,
S15-ST32G-D312,受注製品,,
S15-ST32G-D310,受注製品,,
S15-ST32G-D308,受注製品,,
S15-ST32G-D306,受注製品,,
S15-ST32G-D209,受注製品,,
S15-ST32G-D101,受注製品,,
S15-ST32G-D055,受注製品,,
S15-ST32G-D009,受注製品,,
S15-ST32G-C916,受注製品,,
S15-ST32G-C912,受注製品,,
S15-ST32G-C911,受注製品,,
S15-ST32G-C815,受注製品,,
S15-ST32G-C813,受注製品,,
S15-ST32G-C809-1,受注製品,,
S15-ST32G-C809,受注製品,,
S15-ST32G-C804TK,受注製品,,
S15-ST32G-C784,受注製品,,
S15-ST32G-C717,受注製品,,
S15-ST32G-C715,受注製品,,
S15-ST32G-C714,受注製品,,
S15-ST32G-C709,受注製品,,
S15-ST32G-C614TK,受注製品,,
S15-ST32G-C614,受注製品,,
S15-ST32G-C613,受注製品,,
S15-ST32G-C513,受注製品,,
S15-ST32G-C417,受注製品,,
S15-ST32G-C415,受注製品,,
S15-ST32G-C411,受注製品,,
S15-ST32G-C318,受注製品,,
S15-ST32G-C316,受注製品,,
S15-ST32G-C313TK,受注製品,,
S15-ST32G-C312,受注製品,,
S15-ST32G-C309,受注製品,,
S15-ST32G-C307,受注製品,,
S15-ST32G-C219,受注製品,,
S15-ST32G-C214,受注製品,,
S15-ST32G-C213,受注製品,,
S15-ST32G-C116,受注製品,,
S15-ST32G-C115,受注製品,,
S15-ST32G-C113,受注製品,,
S15-ST32G-C019TK,受注製品,,
S15-ST32G-C012,受注製品,,
S15-ST32G-C009,受注製品,,
S15-ST32G-C007,受注製品,,
S15-ST32G-C006,受注製品,,
S15-ST32G-C001,受注製品,,
S15-ST32G-B918,受注製品,,
S15-ST32G-B915,受注製品,,
S15-ST32G-B817TK,受注製品,,
S15-ST32G-B817,受注製品,,
S15-ST32G-B715,受注製品,,
S15-ST32G-B713,受注製品,,
S15-ST32G-B707,受注製品,,
S15-ST32G-B706,受注製品,,
S15-ST32G-B619,受注製品,,
S15-ST32G-B613,受注製品,,
S15-ST32G-B518,受注製品,,
S15-ST32G-B517,受注製品,,
S15-ST32G-B4DR,受注製品,,
S15-ST32G-B420,受注製品,,
S15-ST32G-B4,受注製品,,
S15-ST32G-B320,受注製品,,
S15-ST32G-B215,受注製品,,
S15-ST32G-B213,受注製品,,
S15-ST32G-B119,受注製品,,
S15-ST32G-B118,受注製品,,
S15-ST32G-B018,受注製品,,
S15-ST32G-B017,受注製品,,
S15-ST32G-B011,受注製品,,
S15-ST32G-A915M,受注製品,,
S15-ST32G-A915,受注製品,,
S15-ST32G-A914,受注製品,,
S15-ST32G-A913,受注製品,,
S15-ST32G-A819,受注製品,,
S15-ST32G-A806TK,受注製品,,
S15-ST32G-A719,受注製品,,
S15-ST32G-A718,受注製品,,
S15-ST32G-A717,受注製品,,
S15-ST32G-A710,受注製品,,
S15-ST32G-A709,受注製品,,
S15-ST32G-A620,受注製品,,
S15-ST32G-A619,受注製品,,
S15-ST32G-A616,受注製品,,
S15-ST32G-A514,受注製品,,
S15-ST32G-A317,受注製品,,
S15-ST32G-A314,受注製品,,
S15-ST32G-A220,受注製品,,
S15-ST32G-A2,受注製品,,
S15-ST32G-A120TK,受注製品,,
S15-ST32G-A119TK,受注製品,,
S15-ST32G-A119,受注製品,,
S15-ST32G-A118,受注製品,,
S15-ST32G-A021,受注製品,,
S15-ST32G-A020,受注製品,,
S15-ST32G-A018,受注製品,,
S15-ST32G-8TK,受注製品,,
S15-ST32G-84,受注製品,,
S15-ST32G-83,受注製品,,
S15-ST32G-8,受注製品,,
S15-ST32G-7,受注製品,,
S15-ST32G-68,受注製品,,
S15-ST32G-63,受注製品,,
S15-ST32G-6,受注製品,,
S15-ST32G-5,受注製品,,
S15-ST32G-4-Z901,受注製品,,
S15-ST32G-4-F916,受注製品,,
S15-ST32G-4-C417,受注製品,,
S15-ST32G-4-B910,受注製品,,
S15-ST32G-4-A712,受注製品,,
S15-ST32G-4-A618,受注製品,,
S15-ST32G-26,受注製品,,
S15-ST32G-21,受注製品,,
S15-ST32G-12,受注製品,,
S15-ST32G-10DR,受注製品,,
S15-ST32COP-57,受注製品,,
S15-ST32COP-56,受注製品,,
S15-ST32COP-55,受注製品,,
S15-ST32COP-54,受注製品,,
S15-ST32COP-53TK,受注製品,,
S15-ST32COP-51,受注製品,,
S15-ST32COP-48,受注製品,,
S15-ST32COP-47,受注製品,,
S15-ST32COP-46,受注製品,,
S15-ST32COP-45,受注製品,,
S15-ST32COP-4-49,受注製品,,
S15-ST32COP-44,受注製品,,
S15-ST32COP-43,受注製品,,
S15-ST32COP-42,受注製品,,
S15-ST32COP-41,受注製品,,
S15-ST32COP-4,受注製品,,
S15-ST32COP-39,受注製品,,
S15-ST32COP-38TK,受注製品,,
S15-ST32COP-37,受注製品,,
S15-ST32COP-36TK,受注製品,,
S15-ST32COP-35,受注製品,,
S15-ST32COP-34,受注製品,,
S15-ST32COP-33,受注製品,,
S15-ST32COP-29,受注製品,,
S15-ST32COP-28,受注製品,,
S15-ST32COP-25TK,受注製品,,
S15-ST32COP,受注製品,,
S15-ST32CHR-69,受注製品,,
S15-ST32CHR-68,受注製品,,
S15-ST32CHR-67TK,受注製品,,
S15-ST32CHR-66,受注製品,,
S15-ST32CHR-65TK,受注製品,,
S15-ST32CHR-62,受注製品,,
S15-ST32CHR-58,受注製品,,
S15-ST32CHR-57,受注製品,,
S15-ST32CHR-56,受注製品,,
S15-ST32CHR-54TK,受注製品,,
S15-ST32CHR-53,受注製品,,
S15-ST32CHR-52,受注製品,,
S15-ST32CHR-51,受注製品,,
S15-ST32CHR-48,受注製品,,
S15-ST32CHR-46,受注製品,,
S15-ST32CHR-45,受注製品,,
S15-ST32CHR-4-44,受注製品,,
S15-ST32CHR-43,受注製品,,
S15-ST32CHR-40,受注製品,,
S15-ST32CHR-38,受注製品,,
S15-ST32CHR-31,受注製品,,
S15-ST32CHR-13,受注製品,,
S15-ST32CHR,受注製品,,
S15-ST32BUL-97,受注製品,,
S15-ST32BRW-99,受注製品,,
S15-ST32BRW-98,受注製品,,
S15-ST32BRW-97,受注製品,,
S15-ST32BRW-94,受注製品,,
S15-ST32BRW-93,受注製品,,
S15-ST32BRW-92,受注製品,,
S15-ST32BRW-89TK,受注製品,,
S15-ST32BRW-88,受注製品,,
S15-ST32BRW-86,受注製品,,
S15-ST32BRW-85,受注製品,,
S15-ST32BRW-84TK,受注製品,,
S15-ST32BRW-81,受注製品,,
S15-ST32BRW-70TK,受注製品,,
S15-ST32BRW-68,受注製品,,
S15-ST32BRW-66,受注製品,,
S15-ST32BRW-61,受注製品,,
S15-ST32BRW-49TK,受注製品,,
S15-ST32BRW-49,受注製品,,
S15-ST32BRW-47TK,受注製品,,
S15-ST32BRW-4,受注製品,,
S15-ST32BRW-2A,受注製品,,
S15-ST32BRW-26,受注製品,,
S15-ST32BRW-25,受注製品,,
S15-ST32BRW-23,受注製品,,
S15-ST32BRW-20,受注製品,,
S15-ST32BRW-17,受注製品,,
S15-ST32BRW-147,受注製品,,
S15-ST32BRW-146TK,受注製品,,
S15-ST32BRW-145TK,受注製品,,
S15-ST32BRW-144,受注製品,,
S15-ST32BRW-143,受注製品,,
S15-ST32BRW-142TK,受注製品,,
S15-ST32BRW-140,受注製品,,
S15-ST32BRW-139,受注製品,,
S15-ST32BRW-137,受注製品,,
S15-ST32BRW-136TK,受注製品,,
S15-ST32BRW-135,受注製品,,
S15-ST32BRW-134,受注製品,,
S15-ST32BRW-133TK,受注製品,,
S15-ST32BRW-132,受注製品,,
S15-ST32BRW-130,受注製品,,
S15-ST32BRW-129,受注製品,,
S15-ST32BRW-126,受注製品,,
S15-ST32BRW-124,受注製品,,
S15-ST32BRW-122,受注製品,,
S15-ST32BRW-121TK,受注製品,,
S15-ST32BRW-120,受注製品,,
S15-ST32BRW-119,受注製品,,
S15-ST32BRW-118TK,受注製品,,
S15-ST32BRW-117,受注製品,,
S15-ST32BRW-116,受注製品,,
S15-ST32BRW-115,受注製品,,
S15-ST32BRW-114TK,受注製品,,
S15-ST32BRW-113,受注製品,,
S15-ST32BRW-112TK,受注製品,,
S15-ST32BRW-111,受注製品,,
S15-ST32BRW-110,受注製品,,
S15-ST32BRW-109TK,受注製品,,
S15-ST32BRW-108,受注製品,,
S15-ST32BRW-107,受注製品,,
S15-ST32BRW-106,受注製品,,
S15-ST32BRW-105,受注製品,,
S15-ST32BRW-104,受注製品,,
S15-ST32BRW-103,受注製品,,
S15-ST32BRW-102,受注製品,,
S15-ST32BRW-101,受注製品,,
S15-ST32BRW-100,受注製品,,
S15-ST32BOR-7,受注製品,,
S15-ST32BOR-6,受注製品,,
S15-ST32BOR-4,受注製品,,
S15-ST32BOR-3,受注製品,,
S15-ST32BLU-99,受注製品,,
S15-ST32BLU-98,受注製品,,
S15-ST32BLU-97,受注製品,,
S15-ST32BLU-96,受注製品,,
S15-ST32BLU-95,受注製品,,
S15-ST32BLU-94,受注製品,,
S15-ST32BLU-93,受注製品,,
S15-ST32BLU-92,受注製品,,
S15-ST32BLU-90,受注製品,,
S15-ST32BLU-89,受注製品,,
S15-ST32BLU-87,受注製品,,
S15-ST32BLU-86,受注製品,,
S15-ST32BLU-85,受注製品,,
S15-ST32BLU-84,受注製品,,
S15-ST32BLU-83,受注製品,,
S15-ST32BLU-82,受注製品,,
S15-ST32BLU-80,受注製品,,
S15-ST32BLU-79,受注製品,,
S15-ST32BLU-78,受注製品,,
S15-ST32BLU-77,受注製品,,
S15-ST32BLU-76,受注製品,,
S15-ST32BLU-75,受注製品,,
S15-ST32BLU-74,受注製品,,
S15-ST32BLU-73,受注製品,,
S15-ST32BLU-71,受注製品,,
S15-ST32BLU-69,受注製品,,
S15-ST32BLU-62,受注製品,,
S15-ST32BLU-6,受注製品,,
S15-ST32BLU-58,受注製品,,
S15-ST32BLU-54,受注製品,,
S15-ST32BLU-4-88,受注製品,,
S15-ST32BLU-4-87,受注製品,,
S15-ST32BLU-4-81,受注製品,,
S15-ST32BLU-4-72,受注製品,,
S15-ST32BLU-4-6,受注製品,,
S15-ST32BLU-4-58,受注製品,,
S15-ST32BLU-4-112,受注製品,,
S15-ST32BLU-4-108,受注製品,,
S15-ST32BLU-40,受注製品,,
S15-ST32BLU-4,受注製品,,
S15-ST32BLU-36,受注製品,,
S15-ST32BLU-34,受注製品,,
S15-ST32BLU-28,受注製品,,
S15-ST32BLU-14,受注製品,,
S15-ST32BLU-122,受注製品,,
S15-ST32BLU-121,受注製品,,
S15-ST32BLU-120,受注製品,,
S15-ST32BLU-119,受注製品,,
S15-ST32BLU-118,受注製品,,
S15-ST32BLU-117,受注製品,,
S15-ST32BLU-116,受注製品,,
S15-ST32BLU-115,受注製品,,
S15-ST32BLU-114,受注製品,,
S15-ST32BLU-113,受注製品,,
S15-ST32BLU-111,受注製品,,
S15-ST32BLU-110,受注製品,,
S15-ST32BLU-109,受注製品,,
S15-ST32BLU-108,受注製品,,
S15-ST32BLU-107,受注製品,,
S15-ST32BLU-106,受注製品,,
S15-ST32BLU-105,受注製品,,
S15-ST32BLU-104,受注製品,,
S15-ST32BLU-103,受注製品,,
S15-ST32BLU-102,受注製品,,
S15-ST32BLU-101,受注製品,,
S15-ST32BLU-100,受注製品,,
S15-ST32BLK-99,受注製品,,
S15-ST32BLK-98TK,受注製品,,
S15-ST32BLK-97,受注製品,,
S15-ST32BLK-96TK,受注製品,,
S15-ST32BLK-95,受注製品,,
S15-ST32BLK-94,受注製品,,
S15-ST32BLK-93,受注製品,,
S15-ST32BLK-92,受注製品,,
S15-ST32BLK-90,受注製品,,
S15-ST32BLK-89TK,受注製品,,
S15-ST32BLK-87TK,受注製品,,
S15-ST32BLK-86,受注製品,,
S15-ST32BLK-8,受注製品,,
S15-ST32BLK-79,受注製品,,
S15-ST32BLK-77,受注製品,,
S15-ST32BLK-74TK,受注製品,,
S15-ST32BLK-5,受注製品,,
S15-ST32BLK-19,受注製品,,
S15-ST32BLK-17TK,受注製品,,
S15-ST20RED-62,受注製品,,
S15-ST20G-Y54,受注製品,,
S15-ST20G-XA09,受注製品,,
S15-ST20G-X216,受注製品,,
S15-ST20G-X211,受注製品,,
S15-ST20G-X209,受注製品,,
S15-ST20G-X113,受注製品,,
S15-ST20G-U777,受注製品,,
S15-ST20G-G5,受注製品,,
S15-ST20G-G,受注製品,,
S15-ST20G-F90,受注製品,,
S15-ST20G-5,受注製品,,
S15-ST20G-31,受注製品,,
S15-ST20G-11,受注製品,,
S15-ST20G-10DR,受注製品,,
S15-ST20COP-32,受注製品,,
S15-ST20COP,受注製品,,
S15-ST20CHR-50,受注製品,,
S15-ST20BRW-95,受注製品,,
S15-ST20BLU-70,受注製品,,
S15-ST18YEL-2,受注製品,,
S15-ST18LG-L809,受注製品,,
S15-ST18G-Y78,受注製品,,
S15-ST18G-Y77,受注製品,,
S15-ST18G-V809,受注製品,,
S15-ST18G-V115,受注製品,,
S15-ST18G-U615,受注製品,,
S15-ST18G-U113,受注製品,,
S15-ST18G-T915,受注製品,,
S15-ST18G-T811,受注製品,,
S15-ST18G-S610,受注製品,,
S15-ST18G-S22,受注製品,,
S15-ST18G-N811,受注製品,,
S15-ST18G-N806,受注製品,,
S15-ST18G-N416,受注製品,,
S15-ST18G-N216,受注製品,,
S15-ST18G-N210,受注製品,,
S15-ST18G-M913,受注製品,,
S15-ST18G-M909,受注製品,,
S15-ST18G-M610,受注製品,,
S15-ST18G-M407,受注製品,,
S15-ST18G-M213,受注製品,,
S15-ST18G-M210,受注製品,,
S15-ST18G-L809,受注製品,,
S15-ST18G-L611,受注製品,,
S15-ST18G-L016,受注製品,,
S15-ST18G-K716,受注製品,,
S15-ST18G-K020,受注製品,,
S15-ST18G-K014,受注製品,,
S15-ST18G-H820,受注製品,,
S15-ST18G-H815,受注製品,,
S15-ST18G-H516,受注製品,,
S15-ST18G-H26C,受注製品,,
S15-ST18G-H26-82,受注製品,,
S15-ST18G-H26,受注製品,,
S15-ST18G-H23,受注製品,,
S15-ST18G-G5,受注製品,,
S15-ST18G-F70,受注製品,,
S15-ST18G-F51,受注製品,,
S15-ST18G-F5,受注製品,,
S15-ST18G-F17,受注製品,,
S15-ST18G-F11,受注製品,,
S15-ST18G-E9,受注製品,,
S15-ST18G-E31,受注製品,,
S15-ST18G-E21,受注製品,,
S15-ST18G-E18,受注製品,,
S15-ST18G-E16,受注製品,,
S15-ST18G-E11,受注製品,,
S15-ST18G-D3,受注製品,,
S15-ST18G-D13,受注製品,,
S15-ST18G-B918,受注製品,,
S15-ST18G-B,受注製品,,
S15-ST18G-A6,受注製品,,
S15-ST18G-A2,受注製品,,
S15-ST18G-8,受注製品,,
S15-ST18G-3,受注製品,,
S15-ST18COP-40,受注製品,,
S15-ST18COP-38,受注製品,,
S15-ST18COP-31-5,受注製品,,
S15-ST18COP-31,受注製品,,
S15-ST18COP-27,受注製品,,
S15-ST18COP-23,受注製品,,
S15-ST18COP-12,受注製品,,
S15-ST18CHR-5,受注製品,,
S15-ST18CHR-35,受注製品,,
S15-ST18CHR-13,受注製品,,
S15-ST18CHR,受注製品,,
S15-ST18BRW-72,受注製品,,
S15-ST18BRW-7,受注製品,,
S15-ST18BRW-65,受注製品,,
S15-ST18BRW-44,受注製品,,
S15-ST18BRW-18,受注製品,,
S15-ST18BLK-70,受注製品,,
S15-ST10G-H25,受注製品,,
S15-ST10G-C9,受注製品,,
S15-ST10G-C8,受注製品,,
S15-ST10G-C5,受注製品,,
S15-ST10G-C4,受注製品,,
S15-ST10G-C3,受注製品,,
S15-ST10G-C2,受注製品,,
S15-ST10G-C1,受注製品,,
S15-RT25COP-30,受注製品,,
S15-EDNG-S8,受注製品,,
S15-EDMG-M7,受注製品,,
S15-EDMG-M6,受注製品,,
S15-EDG-3,受注製品,,
S15-EDG-2,受注製品,,
S15-EDG-1,受注製品,,
S15-5500G-2,受注製品,,
S15-3300MG-Y36,受注製品,,
S15-3300M-BRW-128,受注製品,,
S15-3300G-Y36,受注製品,,
S15-3300G-Y35,受注製品,,
S15,見込み製品,,
S15,見込み製品,,
S15,見込み製品,,
S15,見込み製品,,
S15,見込み製品,,
S15,見込み製品,,
S15,見込み製品,,
S15,見込み製品,,
S15,見込み製品,,
S15,見込み製品,,
S15,見込み製品,,
S15,見込み製品,,
S15,受注製品,,
S15,受注製品,,
S15,受注製品,,
S15,受注製品,,
S15,受注製品,,
S15,受注製品,,
S15,受注製品,,
S11-YKU100B-U,受注製品,,
S11-YKU100A-U,受注製品,,
S11-YKT200-T,受注製品,,
S11-UVC3-TNK-EX,,,
S11-UVC3-TNK16-EX,,,
S11-UVC3-TNK,受注製品,,
S11-UVC3S01B-T-EX,,,
S11-UVC3S01A-T-EX,,,
S11-UVC3-CL-EX,,,
S11-UVC3-CL17-EX,,,
S11-UVC3-CL,受注製品,,
S11-PT04S-T-EX,受注製品,,
S11-PT04S-T,受注製品,,
S11-PT04B-T-EX,受注製品,,
S11-PT04B-T-EX,受注製品,,
S11-PT04B-T,受注製品,,
S11-PT04A-T-EX,受注製品,,
S11-PT04A-T-EX,受注製品,,
S11-PT04A-T,受注製品,,
S11-PSY70T-T-EX,受注製品,,
S11-PSY50UR-U,受注製品,,
S11-PSY50UR-U,受注製品,,
S11-PSY50URCHA-U-EX,受注製品,,
S11-PSY50URB-U-EX,受注製品,,
S11-PSY50URA-U-EX,受注製品,,
S11-PSY200UB-U-EX,受注製品,,
S11-PSY200UA-U-EX,受注製品,,
S11-PS70-T,,,
S11-PS70-T,,,
S11-PS50-U,受注製品,,
S11-PS200-U,受注製品,,
S11-PPS200-U-EX,受注製品,,
S11-PPS200-U,受注製品,,
S11-PPS200-U,受注製品,,
S11-PLY10B-U,受注製品,,
S11-PLY10A-U,受注製品,,
S11-KHU-3KA15-U-EX,,,
S11-KHU3K3B-U-EX,受注製品,,
S11-KHU3K3B-U,見込み製品,,
S11-KHU3K3A-U-EX,受注製品,,
S11-KHU3K3A-U,見込み製品,,
S11-KHU3B-U-EX,,,
S11-KHU3B-U,,,
S11-KHU3A-U-EX,,,
S11-KHU3A-U,,,
S11-KHT2-T-EX,受注製品,,
S11-KHT2-T,受注製品,,
S10-ZYEL9310-3,受注製品,,
S10-ZYEL9310-3,受注製品,,
S10-ZYEL308-3,受注製品,,
S10-ZYEL308-15,受注製品,,
S10-ZYEL308,受注製品,,
S10-ZYEL306-3,受注製品,,
S10-ZRED122-3,受注製品,,
S10-ZRED122-15,受注製品,,
S10-ZRED122,受注製品,,
S10-ZRED101-3,受注製品,,
S10-ZORA201-3,受注製品,,
S10-ZORA201-15,受注製品,,
S10-ZORA201,受注製品,,
S10-ZBRW9504-3,受注製品,,
S10-ZBRW9504,受注製品,,
S10-ZBRW503-3,受注製品,,
S10-ZBRW503-15,受注製品,,
S10-ZBRW503,受注製品,,
S10-ZBLU655-3,受注製品,,
S10-ZBLK9800-3-EZ,受注製品,,
S10-ZBLK9800-3-EX,受注製品,,
S10-ZBLK808-3-EX,受注製品,,
S10-ZBLK808-3-EX,受注製品,,
S10-ZBLK808-3,受注製品,,
S10-ZBLK807-3,受注製品,,
S10-ZBLK807-15,受注製品,,
S10-ZBLK807,受注製品,,
S10-ZBLK805-3,受注製品,,
S10-ZBLK805-15,受注製品,,
S10-ZBLK805,受注製品,,
S10-TR-7-15,受注製品,,
S10-TR-7,受注製品,,
S10-TPL3529,受注製品,,
S10-TEA,受注製品,,
S10-TA10P5-4,受注製品,,
S10-TA10P5-4,受注製品,,
S10-TA10P5-3-EX,受注製品,,
S10-TA10P5-3-EX,受注製品,,
S10-TA10P5,受注製品,,
S10-TA10P5,受注製品,,
S10-T17P2-4,受注製品,,
S10-T17P2,受注製品,,
S10-T100,受注製品,,
S10-SN-P,受注製品,,
S10-SIRIKON-PM-EX,受注製品,,
S10-SIRIKON-PM-EX,受注製品,,
S10-SIRIKON-PM,受注製品,,
S10-SIRIKON-4-PM,受注製品,,
S10-SIRIKON-1-PM,受注製品,,
S10-SAMPLE,受注製品,,
S10-R140,受注製品,,
S10-P2Y-EX,受注製品,,
S10-P2Y,見込み製品,,
S10-P2Y,受注製品,,
S10-P2-R-EX,受注製品,,
S10-P2-R-EX,受注製品,,
S10-P2-EX,受注製品,,
S10-P2-EX,受注製品,,
S10-P2-4-EX,受注製品,,
S10-P2-4,受注製品,,
S10-P2-1,受注製品,,
S10-P2,受注製品,,
S10-P2,受注製品,,
S10-NP140V,受注製品,,
S10-NP140T,受注製品,,
S10-KS042WHT01-EX,受注製品,,
S10-KS042BLK91-EX,受注製品,,
S10-KBT025MB-T,受注製品,,
S10-KBT025BG-T,受注製品,,
S10-HYEL375-3,受注製品,,
S10-HYEL375-15,受注製品,,
S10-HYEL375,受注製品,,
S10-HYEL306-3,受注製品,,
S10-HYEL306-3,受注製品,,
S10-HYEL302-3,受注製品,,
S10-HYEL302-15,受注製品,,
S10-HWHT050-3,受注製品,,
S10-HVIO701-3,受注製品,,
S10-HVIO701-15,受注製品,,
S10-HRED152-3,受注製品,,
S10-HRED152-15,受注製品,,
S10-HRED152,受注製品,,
S10-HRED105-3,受注製品,,
S10-HRED105-15,受注製品,,
S10-HRED105,受注製品,,
S10-HRED101-3,受注製品,,
S10-HRED101-15,受注製品,,
S10-HORA201-3,受注製品,,
S10-HORA201-15,受注製品,,
S10-HMAG111-3,受注製品,,
S10-HMAG111-15,受注製品,,
S10-HGRE403-3,受注製品,,
S10-HGRE402-3,受注製品,,
S10-HBRW504-3,受注製品,,
S10-HBRW504-15,受注製品,,
S10-HBRW504,受注製品,,
S10-HBRW503-3,受注製品,,
S10-HBRW503-15,受注製品,,
S10-HBRW503,受注製品,,
S10-HBLUE663-3,受注製品,,
S10-HBLUE651-3,受注製品,,
S10-HBLU680-EX,受注製品,,
S10-HBLU680-EX,受注製品,,
S10-HBLU680-3,受注製品,,
S10-HBLU680-15-EX,受注製品,,
S10-HBLU680-15,受注製品,,
S10-HBLU663-3,受注製品,,
S10-HBLU651-3,受注製品,,
S10-HBLK805-3,受注製品,,
S10-HBLK805-15,受注製品,,
S10-HBLK805,受注製品,,
S10-HBLK803-3,受注製品,,
S10-HBLK803-3,受注製品,,
S10-HBLK803-15,受注製品,,
S10-HBLK803,受注製品,,
S10-GYEL306-3,受注製品,,
S10-GWHT050-3,受注製品,,
S10-GVIO701-3,受注製品,,
S10-GRED105-3,受注製品,,
S10-GRED101-3,受注製品,,
S10-GMAG111-3,受注製品,,
S10-GGRE403-3,受注製品,,
S10-GE-650,受注製品,,
S10-GBLU680-3,受注製品,,
S10-GBLU660-3,受注製品,,
S10-GBLK805-3,受注製品,,
S10-G2000,受注製品,,
S10-FB,受注製品,,
S10-FA341-15-EX,受注製品,,
S10-FA341-15-EX,受注製品,,
S10-FA341-15,受注製品,,
S10-FA341-15,受注製品,,
S10-FA341,受注製品,,
S10-FA341,受注製品,,
S10-E-C,見込み製品,,
S10-E-C,受注製品,,
S10-DIBK,受注製品,,
S10-BRW503-15,受注製品,,
S10-BLK91-16,受注製品,,
S10-BLK91,受注製品,,
S10-BLK91,受注製品,,
S10-BLK803-15,受注製品,,
S6-UV2300-U-EX,受注製品,,
S6-UV382TNF-T-EX,受注製品,,
S1-X80N-U-EX,受注製品,,
S5-FK2KBL10K-4-T,受注製品,,
S6-UV2300-U-EX,受注製品,,
S6-UV382TNF-T-EX,受注製品,,
S5-FK2KBL02-T,受注製品,,
S5-FK2KBL05-T,受注製品,,
S5-FK2KBL-15-T,受注製品,,
S5-FK2KBL30-T-EX,受注製品,,
S5-FK2KBL3-17-T-EX,受注製品,,
S5-FK2KBL-T,受注製品,,
S5-FK2KBL-T-EX,受注製品,,
S5-RT186BL15-T,受注製品,,
S5-RT186BL5-T,受注製品,,
S6-UVT06TKSM-T,受注製品,,
S10-TNK500-3-EX,受注製品,,
S10-TNK500-4,受注製品,,
S10-TYL-EX,受注製品,,
S15-3300G-Y36,受注製品,,
S6-UVT06TKORA-T,受注製品,,
S6-UV2300L-U,見込み製品,1/30更新,
S15-ST32COP-58,受注製品,,
S15-ST32PNK-47,受注製品,2/28更新,
S9-UL300-L,受注製品,,
S0-N10RAKA-TH,受注製品,,
S4-AS621B-U,受注製品,3/30更新,
S8-KU6-U,受注製品,,
S6-UVT06TK-T,受注製品,,
S6-UV2300L-U-EX,受注製品,4/27更新,
S6-SV3800M-U-R-EX,受注製品,5/31更新,
S10-P3,受注製品,,
S15-ST32G-F015,受注製品,6/29更新,
S15-ST32BUB-1,受注製品,,
S6-UV782TPS-T,受注製品,7/31更新,
S6-UV270V-U-R-EX,受注製品,,
S6-UV382FFS-T-R-EX,受注製品,,
S15-UT210NG-N80,受注製品,8/31更新,
S4-SR001A-U-R-EX,受注製品,,
S4-SR001B-U-R-EX,受注製品,,
S7-STM-TH-R-EX,受注製品,,
S10-ZWHT051-3,受注製品,,
S6-UV270V-U-R-EX,受注製品,,
S6-UV382FFS-T-R-EX,受注製品,,
S4-KS042A-U,受注製品,9/28更新,
S15-UT210N-BLK-100,受注製品,,20181030
S15-UT210N-GRE-110,受注製品,,20181030
S15-UT210N-PNK-48,受注製品,,20181030
S4-BS421ABLK-4-U,受注製品,,20181030
S5-RT320HNVBL-T-R-EX,受注製品,,20181018
S6-UV38BS-U,受注製品,10/31更新,20181015
S6-CTS001-T,受注製品,,20181121
S8-3300-CL,受注製品,,20181123
S10-ZWHT051-3-EX,受注製品,11/30更新,20181129
S15-ST32G-Z510,受注製品,,20181211
S15-UT210NG-N81,受注製品,12/28更新,20181204
S10-ZYEL311-3,受注製品,1/31更新,20190122
S15-ST32ORG-1-EX,受注製品,,20190205
S15-ST32ORG-1-R-EX,受注製品,,20190205
S15-ST32ORG1-R-EX,受注製品,,20190211
S6-UVPP81-U,受注製品,,20190214
S15-UT210NG-N82,受注製品,,20190219
S6-UVZ01F-U,受注製品,,20190220
S6-UV270A-U,受注製品,2/28更新,20190221
S9-UL200-L-R-EX,受注製品,,20190304
S4-PP653A-U-R-EX,受注製品,,20190305
S4-PP653B-U-R-EX,受注製品,,20190305
S4-PP653C-U-R-EX,受注製品,,20190305
S5-RT175K-T-R-EX,受注製品,,20190305
S6-UVT06TK3-T,受注製品,,20190305
S9-U330-TH-R-EX-SAL,受注製品,,20190305
S15-ST32BLK-100,受注製品,,20190308
S15-ST32BLK-101,受注製品,,20190308
S5-RT320-T-R-EX-THI,受注製品,,20190312
S15-ST32GRE-20-R-EX,受注製品,,20190313
S5-RT240RBLU3-T-R-EX,受注製品,3/29更新,20190321
S15-ST32COP-59,受注製品,,20190426
S4-SU100HA2-U-R-EX-T,受注製品,,20190426
S4-SU100HB-U-R-EX-T,受注製品,,20190426
S11-PPA300B-U-EX,受注製品,,20190424
S4-PC760B-U-EX,受注製品,,20190424
S11-PPA300A-U-R-EX,受注製品,,20190423
S3-BP130-U-R-EX,受注製品,,20190423
S3-FG4000-U-R-EX,受注製品,,20190423
S4-AAS100A-U-R-EX,受注製品,,20190423
S4-AAS100B-U-R-EX,受注製品,,20190423
S4-PC760A-U-R-EX,受注製品,,20190423
S4-PC760C-U-R-EX,受注製品,,20190423
S6-UVPP90-U,受注製品,,20190423
S7-TM450A-CL-R-EX,受注製品,,20190423
S7-TM450B-M-R-EX,受注製品,,20190423
S10-BLK91-3,受注製品,,20190422
S10-WHT01-3,受注製品,,20190422
S7-PRAK-M-R-EX,受注製品,,20190417
S11-KHU3A-U,廃番,,20190415
S11-KHU3A-U-EX,廃番,,20190415
S11-KHU3B-U,廃番,,20190415
S11-KHU3B-U-EX,廃番,,20190415
S11-KHU-3KA15-U-EX,廃番,,20190415
S11-PS70-T,廃番,,20190415
S11-UVC3-CL-EX,廃番,,20190415
S11-UVC3-TNK-EX,廃番,,20190415
S2-ST32-4-T,廃番,,20190415
S3-FG3000-U-EX,廃番,,20190415
S3-FG4000-U,廃番,,20190415
S3-N404K2-U-15-EX,廃番,,20190415
S3-N404-U,廃番,,20190415
S3-STH501M-U-EX,廃番,,20190415
S4-K560B-4-U-EX,廃番,,20190415
S4-K706CLK2A-U,廃番,,20190415
S4-K706GRA-U,廃番,,20190415
S4-K706GRB-U,廃番,,20190415
S4-K706GRC-U,廃番,,20190415
S4-K706GRNA-U,廃番,,20190415
S4-K706WHA-U,廃番,,20190415
S5-RT160-T-EX,廃番,,20190415
S5-RT186-T-EX,廃番,,20190415
S5-RT240R-4-T-EX,廃番,,20190415
S5-RT240R-T-EX,廃番,,20190415
S5-RT35M-T-EX,廃番,,20190415
S5-RT400-1-T,受注製品,,20190415
S5-RT45-T-EX,廃番,,20190415
S6-SV3400-1-U,廃番,,20190415
S6-SV3400-U,廃番,,20190415
S6-SV35002-5050-1-U,廃番,,20190415
S6-SV35002-5050-U,廃番,,20190415
S6-SV3500-2A-U-EX,廃番,,20190415
S6-SV3500-2B-U-EX,廃番,,20190415
S6-SV35002K-1-U,廃番,,20190415
S6-SV35002K-U,廃番,,20190415
S6-SV35002R-U,廃番,,20190415
S6-SV35002-U,廃番,,20190415
S6-SV3700-1-U,廃番,,20190415
S6-SV3700-U,廃番,,20190415
S6-SV38LC-U,廃番,,20190415
S6-SV40HV-1-U,廃番,,20190415
S6-SV40HV-U,廃番,,20190415
S6-SV4500-U,廃番,,20190415
S6-SV5000K-U,廃番,,20190415
S6-SV5000-U,廃番,,20190415
S6-SV9000A-1-U-EX,廃番,,20190415
S6-SV9000B-1-U-EX,廃番,,20190415
S6-SV-PET-C-U,廃番,,20190415
S6-UV23R-U-EX,廃番,,20190415
S6-UV23TNK-EX,廃番,,20190415
S6-UV253-1-U,廃番,,20190415
S6-UV253-U-EX,廃番,,20190415
S6-UV361A-U-EX,廃番,,20190415
S6-UV361B-U-EX,廃番,,20190415
S6-UV361HNV-U,廃番,,20190415
S6-UV87TNK-4.1,廃番,,20190415
S7-STM2-M-EX,廃番,,20190415
S7-STM30T1-4-M-EX,廃番,,20190415
S7-STM3-4-M,廃番,,20190415
S8-5100-4-CL,廃番,,20190415
S8-5100M-4-CL,廃番,,20190415
S9-AL910-4-L,廃番,,20190415
S9-AL910-L,廃番,,20190415
S9-PR-SK-TH,廃番,,20190415
S9-SV3800-1-TH,廃番,,20190415
S9-SV3800-TH,廃番,,20190415
S9-SV3800-TH-1,廃番,,20190415
S9-T400-TH,廃番,,20190415
S9-T410-TH,廃番,,20190415
S9-T430-TH,廃番,,20190415
S9-TL420-L,廃番,,20190415
S9-U100-TH-EX,廃番,,20190415
S9-U110-TH,廃番,,20190415
S9-U120-TH,廃番,,20190415
S9-U210-TH,廃番,,20190415
S9-U310-TH,廃番,,20190415
S9-U320-1-TH,廃番,,20190415
S9-U330-1-TH,廃番,,20190415
S9-U330-4-TH,廃番,,20190415
S5-ELTRAM1-4-T,受注製品,,20190411
S6-ELTRAT2-4-T,受注製品,,20190411
S6-ELTRAU4-4-U,受注製品,,20190411
S3-BP90-U-R-EX,受注製品,,20190409
S5-ELTRAM1-T,受注製品,,20190403
S6-ELTRAT2-T,受注製品,,20190403
S6-ELTRAU4-U,受注製品,,20190403
S2-ST32-T-R-EX,受注製品,4/30更新,
S7-STM40T1-M-R-EX,受注製品,5/30更新,20190529
S15-UT210N-GVIO-1,受注製品,,20190607
S15-UT210N-BRW-148,受注製品,,20190611
S15-UT210NG-N83,受注製品,,20190611
S6-CUP04-U,受注製品,,20190620
S11-PSY50URB-U-R-EX,受注製品,,20190625
S11-PSY50URCA-U-R-EX,受注製品,6/28更新,20190625
S11-PSY50URA-U-R-EX,受注製品,,20190704
S3-STH350B-U-R-EX,受注製品,,20190704
S3-STH350CHA-U-R-EX,受注製品,,20190704
S3-STH350NA-U-R-EX,受注製品,,20190704
S3-STH380A-U-R-EX,受注製品,,20190704
S3-STH380B-U-R-EX,受注製品,,20190704
S4-SU100A-U-R-EX,受注製品,,20190704
S4-SU100B-U-R-EX,受注製品,,20190704
S4-SU930A-U-R-EX,受注製品,,20190704
S4-SU930B-U-R-EX,受注製品,,20190704
S5-RT130-T-R-EX,受注製品,,20190704
S6-SV3400A-U-R-EX,受注製品,,20190704
S6-SV3400B-U-R-EX,受注製品,,20190704
S6-SV3800A-U-R-EX,受注製品,,20190704
S6-SV3800B-U-R-EX,受注製品,,20190704
S6-SV3800LA-U-R-EX,受注製品,,20190704
S6-SV3800LB-U-R-EX,受注製品,,20190704
S6-SV9000A-U-R-EX,受注製品,,20190704
S6-SV9000B-U-R-EX,受注製品,,20190704
S7-STM10-CL-R-EX,受注製品,,20190704
S7-STM10-TH-R-EX,受注製品,,20190704
S7-STM1-M-R-EX,受注製品,,20190704
S7-STM1N-CL-R-EX,受注製品,,20190704
S7-STM2-CL-R-EX,受注製品,,20190704
S7-STM30T1CH-TH-R-EX,受注製品,,20190704
S7-STM30T2CH-CL-R-EX,受注製品,,20190704
S7-STM30T2-CL-R-EX,受注製品,,20190704
S9-SU930-TH-R-EX,受注製品,,20190704
S9-SV3800TH-R-EX,受注製品,,20190704
S9-URP-TH-R-EX,受注製品,,20190704
S15-UT210NG-N84,受注製品,,20190703
S4-SU100HA2-U-R-EX-G,受注製品,,20190708
S4-SU100HB-U-R-EX-G,受注製品,,20190708
S9-U345-TH-R-EX-G,受注製品,,20190708
S0-GUN-IM-1,受注製品,,20190711
S6-UVPP91-U,受注製品,7/31更新,20190718
S15-RT48G-E11,受注製品,,20190809
S15-RT48G-N216,受注製品,,20190809
S6-UV279-U,受注製品,8/31更新,20190821
S6-UV901K-U,受注製品,,20190906
S9-SU930-TH-EX,受注製品,,20190906
S5-MT001-T,受注製品,,20190909
S15-ST32NPAG-X212,受注製品,9/30更新,20190917
S3-FG3000-U,見込み製品,,20191019
S10-P4-R-EX,受注製品,10/31更新,20191017
S10-HBLU660-3,受注製品,,20191114
S4-PC760KA-U,受注製品,,20191120
S4-PC760KB-U,受注製品,,20191120
S4-PC760KC-U,受注製品,,20191120
S6-UV9135-U,受注製品,,20191121
S15-ST32G-C414,受注製品,,20191125
S6-CTB006-T,受注製品,,20191128
S6-UV9237-U,受注製品,,20191128
S1-AS5TK-U-R-EX,受注製品,,
S4-BS421B-U-R-EX,受注製品,,
S4-BS421A-U-R-EX,受注製品,11/29更新,
S6-UV435-U,受注製品,,20191216
S7-TM400CH-M-R-EX,受注製品,1/6更新,20191204
S3-STR120-U-R-EX-THI,受注製品,,20200130
S7-STM30T1-CL-R-EX-T,受注製品,1/31更新,20200130
S11-KHT2-T-R-EX,受注製品,,20200207
S11-PPS200-U-R-EX,受注製品,,20200207
S11-PT04A-T-R-EX,受注製品,,20200207
S11-PT04B-T-R-EX,受注製品,,20200207
S11-PT04S-T-R-EX,受注製品,,20200207
S3-FK13SKA-U-R-EX,受注製品,,20200207
S3-FK13SKB-U-R-EX,受注製品,,20200207
S3-KT3A-U-R-EX,受注製品,,20200207
S3-KT3B-U-R-EX,受注製品,,20200207
S3-KT3C-U-R-EX,受注製品,,20200207
S3-N404K2A-U-R-EX,受注製品,,20200207
S3-N404K2B-U-R-EX,受注製品,,20200207
S3-N404K2-U-R-EX,受注製品,,20200207
S4-AASA-U-R-EX,受注製品,,20200207
S4-AASB-U-R-EX,受注製品,,20200207
S4-K706CLA-U-R-EX,受注製品,,20200207
S4-K706CLC-U-R-EX,受注製品,,20200207
S4-K706CLKA-U-R-EX,受注製品,,20200207
S4-K706CLKC-U-R-EX,受注製品,,20200207
S4-KS042A-U-R-EX,受注製品,,20200207
S4-KS042B-U-R-EX,受注製品,,20200207
S4-PPR82-3A-U-R-EX,受注製品,,20200207
S4-PPR82-3B-U-R-EX,受注製品,,20200207
S4-PPR82-3C-U-R-EX,受注製品,,20200207
S5-593P-T-R-EX,受注製品,,20200207
S5-FK2K1-T-R-EX,受注製品,,20200207
S5-FK2K-T-R-EX,受注製品,,20200207
S5-RT186-14-T-R-EX,受注製品,,20200210
S6-UV405A-U-R-EX,受注製品,,20200210
S6-UV405B-U-R-EX,受注製品,,20200210
S6-UV505A-U-R-EX,受注製品,,20200210
S6-UV505B-U-R-EX,受注製品,,20200210
S6-UV505K2A-U-R-EX,受注製品,,20200210
S6-UV505K2B-U-R-EX,受注製品,,20200210
S6-UV542BBA-U-R-EX,受注製品,,20200210
S6-UV542BBB-U-R-EX,受注製品,,20200210
S7-A-M15-R-EX,受注製品,,20200210
S7-B-M-R-EX,受注製品,,20200210
S7-C-M-R-EX,受注製品,,20200210
S7-PRSKA-CL-R-EX,受注製品,,20200210
S7-PRSKB-M-R-EX,受注製品,,20200210
S9-U320-TH-R-EX,受注製品,,20200210
S9-UL100-L-R-EX,受注製品,,20200210
S11-KHU3K3A-U-R-EX,受注製品,,20200211
S15-RT48BLK-5,受注製品,,20200211
S15-RT48BLK-99,受注製品,,20200211
S15-RT48BRW-140,受注製品,,20200211
S15-RT48CHR-13,受注製品,,20200211
S15-RT48G-B619,受注製品,,20200211
S15-RT48G-E508,受注製品,,20200211
S15-RT48RED-20,受注製品,,20200211
S5-RT48G-B619,受注製品,,20200211
S15-ST32G-B019TK,受注製品,,20200220
S2-SENRY-3-BRW-1,受注製品,,20200221
S7-PRAK-4-M,受注製品,,20200224
S6-CTB004-T,受注製品,2/28更新,20200225
S5-RT186BL05K-T-R-EX,受注製品,,20200312
S4-PP653B-U-R-EX-SAL,受注製品,,20200313
S4-PP653C-U-R-EX-SAL,受注製品,,20200313
S11-KHU3K3A-U-R-EX-K,受注製品,,20200324
S11-KHU3K3B-U-EX-KCZ,受注製品,,20200324
S11-PT04S-T-R-EX-KCZ,受注製品,,20200324
S9-U320-TH-R-EX-KCZ,受注製品,,20200324
S10-SPC100A,受注製品,,20200331
S10-SPC100A-17,受注製品,,20200331
S10-SPC100A-4,受注製品,,20200331
S10-SPC100B,受注製品,,20200331
S10-SPC100B-02,受注製品,,20200331
S10-SPC100B-1,受注製品,,20200331
S10-SPC100B-1K,受注製品,3/31更新,20200331
S15-RT48BLK-101,受注製品,5/7更新,20200424
S4-BS421ABLKSD-4-U,受注製品,5/7更新,20200518
S11-PPA300A-U,受注製品,5/7更新,20200526
S11-PPA300B-U,受注製品,5/7更新,20200526
S11-RT500-T,受注製品,6/1更新,20200526
S1-FPA3K-U-R-EX,受注製品,6/1更新,
S7-PRSKA-CL-R-EX-ENG,受注製品,6/30更新,20200618
S7-PRSKB-M-R-EX-ENG,受注製品,6/30更新,20200618
S7-MP003PSL-M,受注製品,6/30更新,20200625
S9-MP003-TH,受注製品,6/30更新,20200625
S2-ST32NPAK-T,受注製品,7/31更新,20200731
S3-N404K3-U-R-EX,受注製品,7/31更新,20200727
S15-ST32G-D710,受注製品,7/31更新,20200715
GS-UL430-L,受注製品,7/31更新,20200702
S9-UL430-L,受注製品,7/31更新,20200701
S1-AS5-CL-R-EX,受注製品,7/31更新,
S15-ST32NPAKG-E11,受注製品,8/31更新,20200826
S15-ST32NPAKG-N216,受注製品,8/31更新,20200826
S11-PSY50URVA-U-R-EX,受注製品,8/31更新,20200819
S11-PSY50URVB-U-R-EX,受注製品,8/31更新,20200819
S3-STH350VCA-U-R-EX,受注製品,8/31更新,20200819
S3-STH350VCB-U-R-EX,受注製品,8/31更新,20200819
S3-STR120VC-U-R-EX,受注製品,8/31更新,20200819
S7-STM30T2VC-CL-R-EX,受注製品,8/31更新,20200819
S15-UT210NG-N85,受注製品,8/31更新,20200806
S8-KD-DBR,受注製品,8/31更新,20200806
S8-KD-LBR,受注製品,8/31更新,20200806
S8-KD-TBR,受注製品,8/31更新,20200806
S15-ST32NPAKG-C916,受注製品,8/31更新,20200804
